Company,Rating,Reviews
TCS,3.3,1.1L
Accenture,3.7,72.2k
Wipro,3.6,64.1k
Cognizant,3.6,60.4k
Capgemini,3.7,52.1k
HDFC Bank,3.8,51.3k
Infosys,3.5,47.9k
ICICI Bank,3.9,45.3k
HCLTech,3.4,45.1k
Tech Mahindra,3.4,42.7k
Genpact,3.6,41.4k
Teleperformance,3.8,37.3k
Jio,4.4,33.3k
Axis Bank,3.6,32.6k
Concentrix Corporation,3.6,31.7k
Amazon,3.9,31k
iEnergizer,4.6,27.3k
Reliance Retail,3.9,27.1k
LTIMindtree,3.6,26.1k
IBM,3.9,25.5k
TCS,3.3,1.1L
Accenture,3.7,72.2k
Wipro,3.6,64.1k
Cognizant,3.6,60.4k
Capgemini,3.7,52.1k
HDFC Bank,3.8,51.3k
Infosys,3.5,47.9k
ICICI Bank,3.9,45.3k
HCLTech,3.4,45.1k
Tech Mahindra,3.4,42.7k
Genpact,3.6,41.4k
Teleperformance,3.8,37.3k
Jio,4.4,33.3k
Axis Bank,3.6,32.6k
Concentrix Corporation,3.6,31.7k
Amazon,3.9,31k
iEnergizer,4.6,27.3k
Reliance Retail,3.9,27.1k
LTIMindtree,3.6,26.1k
IBM,3.9,25.5k
HDB Financial Services,3.9,25.3k
Larsen & Toubro Limited,3.9,23.5k
Deloitte,3.7,22.7k
Kotak Mahindra Bank,3.6,22.1k
Reliance Industries,4.0,20k
Vodafone Idea,3.9,17.5k
Bharti Airtel,3.8,16.9k
BYJU'S,3.2,16.4k
WNS,3.3,15k
IDFC FIRST Bank,3.9,14.2k
Ernst & Young,3.4,14.2k
Tata Motors,4.1,14.1k
IndusInd Bank,3.4,14k
AU Small Finance Bank,3.9,14k
Muthoot FinCorp,4.6,13k
Bajaj Finserv,4.0,12.8k
Flipkart,3.9,12.8k
PwC,3.3,12.3k
Mahindra & Mahindra,4.0,11.9k
Infosys BPM,3.5,11.9k
HDFC Life,3.9,11.8k
DXC Technology,3.6,11.8k
Bandhan Bank,3.7,10.8k
Digitide Solutions,3.5,10.2k
Mphasis,3.3,10.1k
Yes Bank,3.7,10k
Tata Steel,4.0,9.8k
Quess,3.8,9.6k
Maruti Suzuki,4.2,9.5k
Asian Paints,3.9,9.4k
Startek,3.1,9.4k
UltraTech Cement,4.1,9.3k
Paytm,3.2,9.2k
Bajaj Finance,3.9,9k
Shriram Finance,4.0,9k
Sutherland Global Services,3.4,8.9k
Equitas Small Finance Bank,4.4,8.8k
Cipla,4.1,8.5k
EXL Service,3.6,8.5k
Wells Fargo,3.6,8.5k
TCS,3.3,1.1L
Accenture,3.7,72.2k
Wipro,3.6,64.1k
Cognizant,3.6,60.4k
Capgemini,3.7,52.1k
HDFC Bank,3.8,51.3k
Infosys,3.5,47.9k
ICICI Bank,3.9,45.3k
HCLTech,3.4,45.1k
Tech Mahindra,3.4,42.7k
Genpact,3.6,41.4k
Teleperformance,3.8,37.3k
Jio,4.4,33.3k
Axis Bank,3.6,32.6k
Concentrix Corporation,3.6,31.7k
Amazon,3.9,31k
iEnergizer,4.6,27.3k
Reliance Retail,3.9,27.1k
LTIMindtree,3.6,26.1k
IBM,3.9,25.5k
HDB Financial Services,3.9,25.3k
Larsen & Toubro Limited,3.9,23.5k
Deloitte,3.7,22.7k
Kotak Mahindra Bank,3.6,22.1k
Reliance Industries,4.0,20k
Vodafone Idea,3.9,17.5k
Bharti Airtel,3.8,16.9k
BYJU'S,3.2,16.4k
WNS,3.3,15k
IDFC FIRST Bank,3.9,14.2k
Ernst & Young,3.4,14.2k
Tata Motors,4.1,14.1k
IndusInd Bank,3.4,14k
AU Small Finance Bank,3.9,14k
Muthoot FinCorp,4.6,13k
Bajaj Finserv,4.0,12.8k
Flipkart,3.9,12.8k
PwC,3.3,12.2k
Mahindra & Mahindra,4.0,11.9k
Infosys BPM,3.5,11.9k
HDFC Life,3.9,11.8k
DXC Technology,3.6,11.8k
Bandhan Bank,3.7,10.8k
Digitide Solutions,3.5,10.2k
Mphasis,3.3,10.1k
Yes Bank,3.7,10k
Tata Steel,4.0,9.8k
Quess,3.8,9.6k
Maruti Suzuki,4.2,9.4k
Asian Paints,3.9,9.4k
Startek,3.1,9.4k
UltraTech Cement,4.1,9.3k
Paytm,3.2,9.2k
Bajaj Finance,3.9,9k
Shriram Finance,4.0,9k
Sutherland Global Services,3.4,8.8k
Equitas Small Finance Bank,4.4,8.8k
Cipla,4.1,8.5k
EXL Service,3.6,8.5k
Wells Fargo,3.6,8.4k
Ericsson,3.9,8.3k
Samsung,3.9,8.3k
Dr. Reddy's,4.0,8.1k
Optum Global Solutions,4.0,7.8k
Delhivery,3.8,7.7k
JPMorgan Chase & Co.,3.8,7.7k
JSW Steel,3.9,7.7k
ICICI Prudential Life Insurance,3.9,7.7k
Hexaware Technologies,3.4,7.5k
HGS,3.7,7.5k
Jana Small Finance Bank,3.8,7.5k
Ujjivan Small Finance Bank,4.0,7.5k
Sun Pharmaceutical Industries,4.1,7.5k
Amazon Development Centre India,3.8,7.4k
Lupin,4.1,7.3k
Ekart Logistics,3.9,7.3k
L&T Construction,4.0,7.2k
Zydus Lifesciences,4.0,7.2k
Hindustan Unilever,4.2,7.1k
KPMG India,3.4,7.1k
ITC,3.9,7.1k
Axis Max Life Insurance,4.0,7k
Megha Engineering & Infrastructures,3.9,6.8k
Tata Projects,4.2,6.8k
Coforge,3.3,6.7k
Bajaj Life Insurance,3.8,6.5k
L&T Technology Services,3.1,6.5k
Cholamandalam Investment & Finance,3.8,6.5k
FIS,3.8,6.5k
Oracle,3.5,6.3k
Omega Healthcare,3.8,6.3k
Muthoot Finance,3.7,6.3k
IIFL Finance,4.0,6.3k
JLL,4.1,6.2k
Indian Army,4.7,6.2k
eClerx,3.1,6.2k
HCL Group,3.5,6.1k
DMart,3.9,6k
Virtusa Consulting Services,3.7,6k
Piramal Finance,4.2,6k
Indiamart Intermesh,3.5,5.9k
HSBC Group,3.9,5.9k
PolicyBazaar,3.8,5.9k
SMFG India Credit,3.9,5.8k
Access Healthcare,3.7,5.8k
BigBasket,3.9,5.8k
Aurobindo Pharma,4.0,5.7k
Siemens,3.9,5.7k
Udaan,3.9,5.7k
GlobalLogic,3.5,5.7k
Manappuram Finance,3.9,5.7k
Firstsource Solutions,3.5,5.7k
Tata Capital,4.0,5.7k
ICICI Lombard General Insurance Company,3.5,5.7k
Shapoorji Pallonji Group,4.1,5.6k
Standard Chartered,3.6,5.6k
UST,3.7,5.6k
Apollo Hospitals,4.1,5.6k
Mahindra Finance,3.9,5.6k
Bosch Global Software Technologies,3.7,5.5k
Ashok Leyland,4.0,5.5k
Swiggy,3.7,5.5k
Citicorp,3.7,5.4k
Hero MotoCorp,4.1,5.4k
CGI Group,4.0,5.3k
Cyient,3.6,5.3k
SBI Cards & Payment Services,3.6,5.2k
BNY,3.6,5.2k
Kalpataru Projects International,4.2,5.2k
IQVIA,3.7,5.1k
NTT DATA,3.8,5.1k
JustDial,3.5,5.1k
Nagarjuna Construction Company,4.0,5.1k
SBI Life Insurance Company,3.7,5k
Schneider Electric,4.1,5k
CBRE,4.1,5k
TVS Motor,3.9,5k
Persistent Systems,3.6,5k
State Bank of India,3.8,4.9k
vivo,4.1,4.9k
Atos,3.8,4.9k
KEC International,4.0,4.8k
Ecom Express,4.0,4.8k
Amdocs,3.6,4.8k
JBM Group,3.9,4.8k
Eviden,3.6,4.8k
Varun Beverages,4.0,4.7k
ITC Infotech,3.7,4.7k
Nagarro,3.9,4.7k
Bosch,4.1,4.6k
Randstad,3.7,4.6k
EY Global Delivery Services ( EY GDS),3.5,4.6k
Utkarsh Small Finance Bank,3.6,4.6k
Hewlett Packard Enterprise,4.1,4.6k
Home Credit Finance,4.0,4.5k
Aditya Birla Fashion and Retail,4.0,4.5k
Cars24,3.5,4.5k
Mahindra Logistics,3.7,4.5k
Havells,3.9,4.5k
L&T Finance,3.9,4.5k
Dell,3.8,4.5k
Intas Pharmaceuticals,4.1,4.5k
R1 RCM,3.8,4.5k
OPPO,3.9,4.5k
Tata AIA Life Insurance,3.9,4.4k
Hyundai Motor India Limited,4.1,4.4k
Hetero,3.9,4.4k
Deutsche Bank,3.8,4.4k
Motilal Oswal Financial Services,3.7,4.4k
Berger Paints,3.7,4.3k
TeamLease Services,3.9,4.3k
Lenskart,3.3,4.3k
VE Commercial Vehicles,3.9,4.3k
Thermax Limited,4.2,4.2k
Bajaj Auto,3.8,4.2k
Macleods Pharmaceuticals,3.7,4.2k
Jubilant Foods Works,3.7,4.1k
Aakash Educational Services,3.2,4.1k
Kogta Financial India Limited,4.7,4.1k
LG Electronics,3.9,4.1k
Jindal Steel Limited,3.9,4.1k
Hindalco Industries,4.2,4.1k
Royal Enfield,4.2,4.1k
State Street Corporation,3.5,4k
DCB Bank,3.8,4k
Tata Communications,3.9,4k
HDFC Ergo General Insurance,4.0,4k
John Deere,4.0,4k
RBL Bank,3.5,4k
Cummins,4.3,3.9k
Publicis Sapient,3.3,3.9k
Bank of America,4.1,3.9k
Alembic Pharmaceuticals,3.9,3.9k
Pidilite Industries,4.2,3.9k
Oyo Rooms,3.0,3.9k
American Express,4.1,3.8k
Subros,3.8,3.8k
Aditya Birla Sun Life Insurance,4.0,3.8k
Reliance Communications,4.0,3.8k
Grasim Industries,4.0,3.8k
Carelon Global Solutions,3.9,4.1k
XpressBees,4.2,3.8k
Altruist Technologies,4.4,3.8k
Kyndryl,4.0,3.8k
ADP Private Limited,3.9,3.8k
PNB MetLife,3.4,3.8k
Viatris,4.1,3.8k
PVR INOX,3.9,3.8k
Aditya Birla Capital,3.8,3.8k
Escorts Kubota Limited,4.1,3.7k
Maersk,4.0,3.7k
Synechron,3.4,3.7k
KPIT Technologies,2.9,3.7k
Birlasoft,3.5,3.7k
JK Cement,4.0,3.7k
Glenmark Pharmaceuticals,3.8,3.7k
Dabur,3.8,3.7k
Sodexo,4.0,3.6k
Cloudnine Hospital,4.4,3.7k
Kotak Mahindra Life Insurance Company,3.5,3.6k
Bharat Electronics,4.2,3.6k
Godrej & Boyce Manufacturing,3.9,3.6k
Samvardhana Motherson Group,3.7,3.6k
Cogent E Services,3.1,3.6k
Abbott,4.1,3.6k
Ipca Laboratories,3.8,3.6k
Aarti Industries,4.1,3.6k
PhonePe,4.0,3.5k
Reliance Projects & Property Management Services,4.0,3.5k
Indian Oil Corporation,4.3,3.5k
Reliance Digital,4.1,3.5k
MRF Tyres,3.6,3.5k
Alkem Laboratories,3.9,3.5k
Johnson Controls,3.5,3.5k
IGT Solutions,3.2,3.5k
UNO Minda,4.0,3.5k
"NTT DATA, Inc.",3.9,3.5k
Honda Motorcycle & Scooter,4.1,3.5k
ArcelorMittal Nippon Steel,4.1,3.4k
Blinkit,3.8,3.4k
Vishal Mega Mart,3.8,3.4k
[24]7.ai,3.4,3.4k
Hindustan Coca Cola Beverages,4.0,3.4k
UBS,3.8,3.4k
DTDC Express,3.7,3.4k
IndusInd Nippon Life Insurance,3.4,3.4k
Bajaj General Insurance Limited,3.7,3.4k
ABB,4.0,3.4k
Ford Motor,4.2,3.4k
Barclays,3.7,3.3k
Ceat Tyres,3.9,3.3k
HARMAN,3.8,3.3k
RSPL Group,4.1,3.3k
AGS Health,4.0,3.3k
TVS Credit Services Ltd,4.2,3.3k
NatWest Group,4.0,3.3k
Croma,3.8,3.3k
InterGlobe Aviation,3.5,3.2k
Alstom Transportation,3.7,3.2k
Niva Bupa Health Insurance Company,4.0,3.2k
Conduent,3.4,3.2k
Indian Air Force,4.6,3.2k
GeBBS Healthcare Solutions,3.7,3.2k
Tata Technologies,3.4,3.2k
Tata AIG,4.0,3.2k
Allcargo Logistics,3.8,3.2k
UPL,4.1,3.2k
Max Healthcare,3.9,3.1k
Marpu Foundation,4.9,3.1k
PepsiCo,4.1,3.1k
Amazon Transportation Services,4.2,3.1k
Titan Company,4.2,3.1k
Dilip Buildcon,3.9,3.1k
Walmart,3.5,3.1k
Mankind Pharma,3.8,3.1k
Jindal Stainless,4.2,3.1k
Varroc Group,3.6,3.1k
S&P Global,4.0,3.1k
MSN Laboratories,3.6,3.1k
Societe Generale Global Solution Centre,3.6,3k
Sagility,3.9,3k
Quest Global,3.5,3k
Future Group,4.2,3k
Afcons Infrastructure,4.2,3k
Torrent Pharmaceuticals,4.0,3k
IDFC FIRST Bharat,4.2,3k
Square Yards,3.6,3k
Ola Electric Mobility,3.3,3k
ESAF Small Finance Bank,3.6,3k
HDFC Sales,3.9,3k
CMS IT Services,3.1,3k
Zensar Technologies,3.7,3k
I Process Services,3.8,2.9k
ACC,3.9,2.9k
DS Group,4.1,2.9k
Suzlon Group,4.0,2.9k
Tata Elxsi,3.5,2.9k
Eternal Limited,3.6,2.9k
Bharat Financial Inclusion,3.7,2.9k
VVDN Technologies,3.6,2.9k
Fujitsu,3.8,2.9k
Indus Towers,3.6,2.9k
Shoppers Stop,4.0,2.9k
Nokia,4.0,2.9k
Apollo Tyres,4.0,2.9k
Yazaki,3.9,2.9k
IKS Health,3.6,2.9k
Shree Cement,3.8,2.8k
Fiserv,2.9,2.8k
Britannia,4.0,2.8k
UnitedHealth,4.0,2.8k
Zepto,3.5,2.8k
Landmark Group,3.8,2.8k
SRF,4.1,2.8k
Tata Electronics,3.9,2.8k
Dalmia Bharat Cement,3.9,2.8k
Kansai Nerolac Paints,3.8,2.7k
Blue Dart Express Ltd,3.9,2.7k
Exide Industries,3.4,2.7k
Nestlé,3.8,2.7k
Shell,3.9,2.7k
Whitehat jr,3.3,2.7k
KPMG Global Services,3.5,2.7k
ZS,3.1,2.7k
Flex,3.9,2.7k
Micro Labs,3.6,2.7k
Star Health & Allied Insurance,3.5,2.7k
TVS Supply Chain Solutions,3.8,2.7k
Capita,3.5,2.7k
ElasticRun,3.6,2.7k
KFintech,3.4,2.6k
G4S,4.0,2.6k
Voltas,4.0,2.6k
Exl India,3.5,2.6k
Sonalika Tractors,3.6,2.6k
Blue Star,4.1,2.6k
Ajanta Pharma,3.9,2.6k
Care Health Insurance,3.6,2.6k
BlackBuck,3.7,2.6k
Domino's Pizza,3.9,2.6k
Movate,3.1,2.6k
Gallagher,3.7,2.6k
NoBroker,3.0,2.6k
Fortis Healthcare,4.0,2.6k
Physicswallah,3.6,2.6k
Adani Power,3.7,2.6k
Himalaya Wellness,4.0,2.5k
DBS Bank,3.7,2.5k
ACT Fibernet,3.9,2.5k
Foxconn,3.9,2.5k
Foundever,3.3,2.5k
Tata Advanced Systems,3.7,2.5k
Sahrudaya Healthcare (Medicover Hospitals),4.4,2.5k
Photon Interactive,4.1,2.5k
BT Group,3.8,2.5k
Sterlite Technologies,3.8,2.5k
V-Mart,4.1,2.5k
Bajaj Electricals,3.9,2.5k
Alldigi Tech,3.9,2.5k
IntouchCX,2.7,2.5k
Sammaan Capital Limited,3.8,2.5k
Tractors and Farm Equipment,3.9,2.5k
Northern Trust Operating Services,3.6,2.5k
Laurus Labs,4.3,2.5k
JCB,3.9,2.5k
Parle Agro,4.0,2.5k
Planet Spark,3.8,2.4k
McDonald's,3.8,2.4k
Patanjali Ayurved,3.9,2.4k
Canara HSBC Life Insurance,3.6,2.4k
ICICI Securities,3.9,2.4k
Paras Hospital,4.1,2.4k
Statestreet HCL Services,3.4,2.4k
Emcure Pharmaceuticals,3.6,2.4k
Biocon Limited,4.1,2.4k
Hero FinCorp,3.9,2.4k
Mahindra Rural Housing Finance,4.0,2.4k
Intellect Design Arena,3.6,2.4k
Mahindra Holidays & Resorts,3.5,2.4k
Datamatics Global Services,3.4,2.4k
Adani Group,3.8,2.4k
CorroHealth Infotech,3.6,2.4k
Taj Hotels Resorts and Palaces,4.2,2.4k
Axis Direct,3.6,2.4k
Aditya Birla Group,4.1,2.4k
Cadila Pharmaceuticals,3.3,2.4k
Cholamandalam MS General Insurance,3.7,2.4k
3i Infotech,3.4,2.4k
Syngene International,3.8,2.4k
Info Edge,3.9,2.3k
Capgemini Engineering,3.4,2.3k
Bureau Veritas,3.8,2.3k
KocharTech,3.6,2.3k
Delhi Public School,3.8,2.3k
Aavas Financiers,4.0,2.3k
RMSI,3.6,2.3k
Cybage,3.8,2.3k
TaskUs,3.0,2.3k
Xoriant,4.1,2.3k
Straive,3.3,2.3k
Sopra Steria,3.9,2.3k
Akums Drugs & Pharmaceuticals Limited,4.2,2.3k
Lifestyle,4.2,2.3k
Kia India,4.0,2.3k
GVK Emergency Management and Research Institute,3.6,2.3k
Eureka Forbes,3.7,2.3k
Sobha,3.8,2.3k
Apollo Pharmacy,3.6,2.3k
Lodha,4.1,2.2k
Unacademy,2.9,2.2k
Radisson Hotels,4.0,2.2k
Myntra,3.9,2.2k
Endurance Technologies Limited,3.9,2.2k
SBI Securities,3.6,2.2k
Team Computers,3.6,2.2k
TCE,3.8,2.2k
Panasonic Life Solutions India,3.9,2.2k
AWL Agri Business,4.0,2.2k
Lava International,3.9,2.2k
GAO Tek,4.5,2.2k
Newgen Software Technologies,4.0,2.2k
Star Union Dai-ichi Life Insurance,3.8,2.2k
Daikin Airconditioning India Pvt. Ltd.,4.2,2.2k
Whirlpool,4.0,2.2k
Bharti AXA Life Insurance,3.6,2.2k
Cisco,4.1,2.2k
Indian Railways,4.2,2.2k
SBI General Insurance,3.6,2.2k
GlaxoSmithKline Pharmaceuticals,4.0,2.2k
BNP Paribas,3.7,2.2k
Coromandel International,4.1,2.2k
Nokia Networks,4.1,2.2k
Meesho,3.7,2.2k
Renault Nissan Technology & Business Centre India,3.7,2.2k
Sify Technologies,3.6,2.2k
Shahi Exports,3.9,2.2k
ValueLabs,3.5,2.2k
Ambuja Cements,3.8,2.1k
Allstate,3.6,2.1k
Microsoft Corporation,3.8,2.1k
Bank of Baroda,3.5,2.1k
Life Insurance Corporation of India,4.4,2.1k
Brakes India,3.9,2.1k
Huawei Technologies,4.0,2.1k
BHEL,4.2,2.1k
Cargill,3.9,2.1k
Spark Minda,3.8,2.1k
upGrad,3.3,2.1k
Mercedes-Benz Research and Development India,3.6,2.1k
Poonawalla Fincorp,3.6,2.1k
CAMS,3.6,2.1k
Simplex Infrastructures,3.4,2.1k
Power Mech Projects,3.8,2.1k
Generali Central Life Insurance,3.5,2.1k
Pfizer,3.9,2.1k
FirstCry,3.6,2.1k
Bharat Petroleum,4.2,2.1k
Saint-Gobain,3.9,2.1k
Jio Platforms,3.4,2.1k
Force Motors,3.7,2.1k
"Maruti Suzuki India Limited, Hansalpur",4.2,2.1k
Nuvoco Vistas,4.1,2.1k
NTT DATA Business Solutions,4.1,2.1k
Kotak Securities,3.5,2.1k
Manipal Hospitals,4.1,2.1k
JK Tyre,3.7,2.1k
Ola Cabs,3.3,2.1k
Raymond Lifestyle Limited,4.1,2.1k
Reliance Trends,4.0,2.1k
ITC Hotels,4.1,2k
CitiusTech,3.2,2k
Renault-Nissan,4.1,2k
IndusInd General Insurance,3.6,2k
Delphi TVS,3.8,2k
Infinite Computer Solutions,3.3,2k
Biological E,4.2,2k
Henry Harvin Education,3.6,2k
Extramarks Education,3.3,2k
Morgan Stanley,3.6,2k
SGS,3.8,2k
YASH Technologies,3.7,2k
EPAM Systems,3.7,2k
K12 Techno Services,3.7,2k
Senco Gold,4.4,2k
Ninjacart,3.8,2k
Novartis,4.1,2k
State Street Syntel,3.7,2k
SAP,4.1,2k
IDBI Bank,3.4,2k
HSBC Electronic Data Processing,4.0,2k
Narayana Health,4.0,2k
AECOM,4.2,2k
Aditya Birla Health Insurance Co,3.7,2k
L&T Energy Hydrocarbon,3.8,1.9k
Paisabazaar.com,3.4,1.9k
Honeywell Automation,3.7,1.9k
Schindler,3.9,1.9k
Shadowfax Technologies,3.5,1.9k
Haier Appliances India,4.0,1.9k
Motherson Automotive Technologies and Engineering,3.8,1.9k
Trent,3.8,1.9k
R.R. Donnelley,3.6,1.9k
Philips,3.8,1.9k
V-Guard Industries,4.3,1.9k
Microland,3.5,1.9k
Dr Lal PathLabs,4.2,1.9k
Uflex,3.8,1.9k
NCR Voyix,3.5,1.9k
Parle Products,3.9,1.9k
Gabriel India Limited,4.1,1.9k
CMS Infosystems,3.5,1.9k
Spinny,3.7,1.9k
Crisil,3.5,1.9k
Globiva,3.0,1.9k
Google,4.4,1.9k
Adecco Group,3.8,1.9k
Tekwissen,4.9,1.9k
CNH (Case New Holland),3.7,1.9k
Lucas-TVS,3.9,1.9k
Angel One,3.6,1.9k
DHL Supply Chain,4.2,1.9k
Safexpress,3.9,1.9k
Aye Finance,4.1,1.9k
Aadhar Housing Finance,4.0,1.9k
G R Infraprojects,4.1,1.9k
NTPC,4.2,1.9k
HTC Global Services,3.4,1.9k
Thomson Reuters,3.8,1.9k
Iris Software,3.8,1.9k
Infinx,3.7,1.9k
Tata Tele Business Services,3.6,1.9k
Tata Power,3.9,1.9k
Trident Group,3.3,1.9k
Hindustan Aeronautics,4.3,1.9k
PI Industries,3.8,1.8k
TVS Sundram Fasteners,3.6,1.8k
Torrent Power,3.8,1.8k
ICICI Home Finance,3.7,1.8k
KENT RO Systems,3.8,1.8k
CSB Bank,3.2,1.8k
NeoSOFT,3.4,1.8k
Jindal Saw,4.0,1.8k
Aragen Life Sciences,3.9,1.8k
Medi Assist India,3.5,1.8k
First American (India),3.5,1.8k
Verizon,3.5,1.8k
Polycab Wires,4.0,1.8k
TELUS Digital,3.6,1.8k
Honda Cars,4.3,1.8k
AXA Global Business Services,3.8,1.8k
Fusion CX,3.3,1.8k
Infra.Market,3.9,1.8k
AkzoNobel,4.1,1.8k
Sterling & Wilson,4.0,1.8k
Capri Global Capital,3.6,1.8k
Godrej Properties,3.6,1.8k
Innovsource Services,3.9,1.8k
Stellar Migration,1.3,1.8k
Haldiram Foods International Limited,3.8,1.8k
Cafe Coffee Day,3.7,1.8k
DIVI'S Laboratories,3.6,1.8k
MetLife,4.0,1.8k
Hindustan Petroleum,4.2,1.8k
SS&C TECHNOLOGIES,3.2,1.8k
Digit Insurance,3.7,1.7k
Tata Communications Transformation Services,3.8,1.7k
Kalyan Jewellers,4.4,1.7k
USHA International,4.1,1.7k
Reckitt Benckiser,3.9,1.7k
Air India,3.4,1.7k
Security and Intelligence Services (India),4.0,1.7k
Future Retail,4.4,1.7k
Dhani Loans and Services,3.9,1.7k
USV,4.0,1.7k
Isgec Heavy Engineering,3.8,1.7k
HDFC Securities,3.4,1.7k
BT Business,3.9,1.7k
Vedantu,3.3,1.7k
LivSpace,3.3,1.7k
Pine Labs,3.3,1.7k
Adani Green Energy,3.9,1.7k
Bata,3.5,1.7k
Annapurna Finance,3.9,1.7k
XBP Global,3.2,1.7k
Metro Cash & Carry,4.0,1.7k
Mother Dairy Fruit & Vegetable,4.0,1.7k
Indian Navy,4.6,1.7k
BVG India,4.2,1.7k
NEC,4.0,1.7k
Granules India Limited,3.8,1.7k
Provana,3.9,1.7k
Sysnet Global Technologies,3.7,1.7k
Orange Business,4.1,1.7k
Cavinkare,4.0,1.7k
Rungta Mines,4.0,1.7k
Orchids International School,3.9,1.7k
Medanta the Medicity,4.0,1.7k
Hitachi Astemo,4.0,1.7k
FactSet,3.7,1.7k
Frankfinn Institute of Air Hostess Training,3.9,1.7k
Caterpillar Inc,4.1,1.7k
HighRadius,2.5,1.7k
Cushman & Wakefield,4.1,1.7k
TTEC India,3.7,1.7k
KONE,4.1,1.6k
Yamaha Motor,4.1,1.6k
MagicBricks,4.0,1.6k
Rane (Madras),3.9,1.6k
DHL Express,4.1,1.6k
JSW Bhushan Power & Steel,4.0,1.6k
BA Continuum,3.9,1.6k
L.G.Balakrishnan & Bros,3.5,1.6k
Wipro Enterprises Ltd,3.8,1.6k
Procter & Gamble,4.0,1.6k
Compass Group Support Services,4.0,1.6k
American Broadcasting Company,4.0,1.6k
Johnson & Johnson,4.0,1.6k
Tata Play,4.0,1.6k
Vardhman Fabrics,4.0,1.6k
Matrimony.com,4.0,1.6k
CG Power and Industrial Solutions,3.8,1.6k
Patanjali Foods,3.7,1.6k
Hero Motors Company,3.9,1.6k
Clover Infotech,3.4,1.6k
Chegg,4.1,1.6k
Belrise Industries,3.7,1.6k
Arvind Group,4.0,1.6k
Suryoday Small Finance Bank,4.0,1.6k
CMA CGM,3.9,1.6k
Krishna Maruti,3.8,1.6k
Tata 1mg,3.6,1.6k
HERE Technologies,3.8,1.6k
ReNew,4.2,1.6k
NielsenIQ,3.5,1.6k
Marico,3.8,1.6k
IIFL SAMASTA,3.7,1.6k
Coronis Ajuba Solutions,3.9,1.6k
Toyota Kirloskar Motor,4.3,1.6k
PharmEasy,3.7,1.6k
Welspun Living Limited,3.9,1.6k
Godrej Industries Group,3.9,1.6k
Dixon Technologies,3.9,1.6k
Goldman Sachs,3.3,1.6k
Wockhardt,3.8,1.6k
Honda,4.1,1.6k
Emami,3.8,1.6k
Shriram Life Insurance,3.5,1.6k
Satin Creditcare Network,3.9,1.6k
Veritas Finance,4.3,1.6k
ZF Commercial Vehicle Control Systems,3.8,1.6k
Teva Pharmaceuticals,3.9,1.6k
iOPEX Technologies,3.2,1.6k
Supreme Industries,4.1,1.5k
Mercer,3.6,1.5k
KFC,4.0,1.5k
Sanofi,4.0,1.5k
Relaxo Footwear,4.0,1.5k
Asahi India Glass,3.8,1.5k
Urban Company,3.3,1.5k
Cemindia Projects,4.2,1.5k
IFB,3.6,1.5k
Broadridge Financial Solutions,3.8,1.5k
Health Care Global Enterprises,4.3,1.5k
Amul India,4.0,1.5k
IndiaFirst Life Insurance,3.8,1.5k
Marriott International,4.1,1.5k
Bajaj Capital,3.6,1.5k
Dainik Bhaskar Group,4.2,1.5k
Suguna Foods,4.0,1.5k
Gujarat Fluorochemicals,3.9,1.5k
HCL Infosystems,4.0,1.5k
Nayara Energy,4.2,1.5k
Kotak Mahindra Prime,3.9,1.5k
Muthoot Microfin,4.2,1.5k
Hinduja Leyland Finance,3.9,1.5k
Tesco,3.6,1.5k
Bisleri,4.2,1.5k
XL Dynamics,3.6,1.5k
Lumax Industries,3.9,1.5k
SHYAM METALICS AND ENERGY,3.4,1.5k
Patra India,3.6,1.5k
Oracle Cerner,3.4,1.5k
Steel Strips Wheels,3.8,1.5k
Evalueserve,3.0,1.5k
GMR Group,3.9,1.5k
Karur Vysya Bank,3.5,1.5k
Canara Bank,3.6,1.5k
Tata Consumer Products,3.5,1.5k
GE VERNOVA,4.1,1.5k
Piramal Pharma,4.0,1.5k
Max Fashion,4.0,1.5k
Ashoka Buildcon,4.1,1.5k
SAI Life Sciences,3.9,1.5k
Page Industries,4.1,1.5k
QualityKiosk Technologies,3.2,1.5k
Honeywell Technology Solutions,3.7,1.5k
Tanishq,4.1,1.5k
Wheelseye Technology,3.4,1.4k
Taurus BPO Services,4.1,1.4k
Tata AutoComp Systems,3.8,1.4k
Tata AutoComp Systems,3.8,1.4k
Tata Group,4.2,1.4k
Sonata Software,3.4,1.4k
ISS Facility Services,4.0,1.4k
Devyani International,3.8,1.4k
Oberoi Group of Hotels,4.1,1.4k
Airtel Payments Bank,3.8,1.4k
Daimler India Commercial Vehicles,3.9,1.4k
Indoco Remedies,3.5,1.4k
Valeo,4.0,1.4k
Aon,3.8,1.4k
V5 Global Services,3.9,1.4k
NIIT,3.5,1.4k
Acuity Analytics,3.1,1.4k
Narayana Educational Society,3.5,1.4k
Heritage Foods,4.0,1.4k
Hyatt Regency,4.0,1.4k
Apco Infratech,3.8,1.4k
Bharat Forge,3.8,1.4k
Acmegrade,3.9,1.4k
Amneal Pharmaceuticals,4.2,1.4k
Agilus Diagnostics,4.1,1.4k
PNB Housing Finance,3.8,1.4k
Happiest Minds Technologies,3.4,1.4k
Apexon,3.3,1.4k
SBFC Finance,3.8,1.4k
Sony,4.1,1.4k
Chandigarh University,4.2,1.4k
IDC Technologies,3.1,1.4k
AB InBev India,3.3,1.4k
Tieto,4.2,1.4k
Morningstar,3.7,1.4k
Jaquar,4.0,1.4k
CIE Automotive India Limited (Formerly known as Mahindra CIE Automotive Limited),3.6,1.4k
Labmentix,4.5,1.4k
Altimetrik,3.5,1.4k
Aumovio,3.8,1.4k
J. Kumar Infraprojects,4.1,1.4k
The Muthoot Group,3.6,1.4k
TCS iON,3.8,1.4k
Indegene,3.3,1.4k
Amara Raja Energy & Mobility,4.0,1.4k
Slk Software Services,3.2,1.4k
Vfs Global Services,3.4,1.4k
Xiaomi,3.8,1.4k
Adobe,3.7,1.4k
VLCC,3.3,1.4k
Unisys,3.5,1.4k
Infogain,3.5,1.4k
FedEx Express,4.0,1.4k
Sansera Engineering,4.0,1.4k
Nykaa,3.4,1.4k
DCM Shriram,4.1,1.4k
AtkinsRealis,3.7,1.4k
MedPlus,3.6,1.4k
Kantar,3.5,1.4k
Oracle Financial Services Software,3.4,1.4k
Faurecia,3.9,1.4k
Sheenlac Paints,4.2,1.4k
Eaton,4.0,1.4k
Aforeserve,3.4,1.4k
EOSGlobe,2.9,1.4k
Paytm Payments Bank,3.8,1.4k
Amity University,3.6,1.3k
Sharekhan,3.7,1.3k
VOIS,3.8,1.3k
Worley,4.1,1.3k
Fino Payments Bank,3.8,1.3k
Chetu,3.6,1.3k
Bajaj Housing Finance,3.6,1.3k
City Union Bank,3.0,1.3k
TEKsystems,3.2,1.3k
JioMart,3.9,1.3k
DEXIT Global,3.5,1.3k
TÜV SÜD,3.9,1.3k
iMerit,3.2,1.3k
Novo Nordisk,3.6,1.3k
mPokket,4.4,1.3k
Bharat FIH,3.7,1.3k
Fusion Finance,3.9,1.4k
Big Bazaar,4.3,1.3k
Iffco Tokio General Insurance Co.,3.8,1.3k
Collabera Talent Solutions,3.5,1.3k
Rashmi Metaliks,3.2,1.3k
Sunknowledge Services,3.5,1.3k
GE,4.1,1.3k
Unichem Laboratories,3.7,1.3k
Aerial Telecom Solutions,4.2,1.3k
Incedo,3.0,1.3k
JSW Cement,4.0,1.3k
Aptara,3.1,1.3k
Burger King,3.9,1.3k
Citco,3.1,1.3k
Hindware Limited,3.9,1.3k
FDC,3.7,1.3k
TE Connectivity,4.1,1.3k
INDIUM,4.0,1.3k
ZF Steering Gear,3.7,1.3k
ManpowerGroup,3.7,1.3k
The Ramco Cements,4.0,1.3k
CreditAccess Grameen,4.0,1.3k
Hatsun Agro Product,3.7,1.3k
Spicejet,3.4,1.3k
Bluestock ™,4.5,1.3k
Atul,3.9,1.3k
RBL FinServe,3.9,1.3k
VIBGYOR Group of Schools,3.5,1.3k
Grant Thornton,3.4,1.3k
Cinépolis,3.8,1.3k
Nippon Paint India,4.0,1.3k
R Systems International,3.5,1.3k
GEP Worldwide,3.6,1.3k
Shubham Housing Development Finance,3.9,1.3k
Fabindia,3.8,1.3k
Brillio,3.4,1.3k
Punjab National Bank,3.8,1.3k
Hindustan Construction Company,4.3,1.3k
CenturyPly,3.8,1.3k
Pantaloons,4.1,1.3k
Baroda Global Shared Services,3.8,1.3k
Mondelez International,4.1,1.3k
Decathlon,3.6,1.3k
OM Logistics,3.9,1.3k
Luminous Power Technologies,4.1,1.3k
More Supermarket,3.7,1.3k
Sigma Electric Manufacturing Corporation,4.0,1.3k
AGS Transact Technologies,2.8,1.3k
Panasonic,4.0,1.3k
Viraj Profiles,4.0,1.3k
Vestas,4.1,1.3k
Troikaa Pharmaceuticals,4.0,1.3k
Jakson Group,4.1,1.3k
OpenText Technologies,3.4,1.2k
Ion Exchange India,3.7,1.2k
Dell EMC,3.8,1.2k
Automotive Manufacturers,3.9,1.2k
Globant,3.4,1.2k
Samsung Research,3.0,1.2k
ICICI Prudential Mutual Fund,3.9,1.2k
Centre for Development of Advanced Computing,3.7,1.2k
Tenneco,3.6,1.2k
Jindal X,3.5,1.2k
NetAmbit,4.0,1.2k
Electronics Corporation of India Limited,4.2,1.2k
ANZ Banking Group,3.8,1.2k
Godrej Consumer Products,4.0,1.2k
SKF,4.0,1.2k
SK Finance Limited,3.8,1.2k
Royal Migration Solutions,4.9,1.2k
Astral Pipe,4.0,1.3k
Fresenius Kabi,4.0,1.2k
PNC Infratech,3.8,1.2k
Oil And Natural Gas Corporation,4.4,1.2k
Apex Group,2.7,1.2k
Intertek,3.7,1.2k
R.V.R. PROJECTS,3.9,1.2k
T-Systems ICT India,3.8,1.2k
iSON Xperiences,3.3,1.2k
Synchrony,4.3,1.2k
Spandana Sphoorty Financial,3.7,1.2k
Rupeek,4.1,1.2k
Mu Sigma,2.4,1.2k
Aarvee Associates,3.7,1.2k
Shriram Pistons & Rings,4.1,1.2k
H.G. Infra Engineering,4.0,1.2k
AIIMS,4.1,1.2k
Zoho,4.2,1.2k
Prodapt,3.5,1.2k
Qualcomm,3.7,1.2k
Wind World,4.0,1.2k
Dassault Systemes,3.8,1.2k
PHN Technology,4.3,1.2k
KIMS Hospital,3.8,1.2k
Best Sellers,4.1,1.2k
Parexel International,3.8,1.2k
Kalpataru Limited,4.2,1.2k
Rockman Industries,3.9,1.2k
DENSO,4.1,1.2k
EbixCash Limited,3.7,1.2k
Fidelity Investments,4.1,1.2k
Kirloskar Oil Engines,4.1,1.2k
DLF,3.9,1.2k
Fidelity National Financial,3.7,1.2k
FOCUS EDUMATICS,2.9,1.2k
JK Lakshmi Cement,3.7,1.2k
ExcelR,3.7,1.2k
Diageo,3.8,1.2k
JTEKT,4.1,1.2k
Intel,4.1,1.2k
Ahluwalia Contracts India,4.0,1.2k
Leadec India,4.1,1.2k
Colliers India,3.9,1.2k
Strides Pharma,3.9,1.2k
DP World,3.8,1.2k
ACG Worldwide,3.8,1.2k
Baazar Retail Private Limited,4.5,1.2k
Indostar Capital Finance Limited,4.3,1.2k
Barclays Shared Services,3.8,1.2k
Coca-Cola Company,4.0,1.2k
Thyrocare Technologies,3.8,1.2k
Xyz Company,3.8,1.2k
The Jaypee Group,3.8,1.1k
Nielsen,3.2,1.1k
Electronica Finance,4.2,1.1k
Salesforce,3.9,1.1k
Innova Solutions,3.3,1.1k
Ocwen Financial Solutions,3.9,1.1k
PayPal,3.7,1.1k
Podar International School,4.0,1.1k
Edelweiss,3.6,1.1k
DISH TV,3.4,1.1k
Johnson Lifts,3.9,1.1k
Nilkamal,3.6,1.1k
Hire In Global,4.9,1.1k
Zetwerk,4.0,1.1k
Federal Bank,3.6,1.1k
Apollo Health and Lifestyle Limited,4.3,1.1k
HFCL Limited,3.7,1.1k
Bajaj Motors,3.9,1.1k
MDIndia Health Insurance TPA,3.6,1.1k
Aparna Constructions and Estates,3.9,1.1k
Prism Johnson,3.7,1.1k
Sri Chaitanya Techno Schools,3.4,1.1k
Schaeffler India,4.0,1.1k
NxtWave,3.4,1.1k
CaratLane - A Tata Product,4.0,1.1k
Meril,3.6,1.1k
Birla Corporation,4.1,1.1k
Dhoot Transmission,3.7,1.1k
Indira IVF Hospital,4.0,1.1k
London Stock Exchange Group,3.7,1.1k
Imperial Auto Industries,3.8,1.1k
Biocon Biologics,3.7,1.1k
Aptiv,3.5,1.1k
Edelweiss Life Insurance,3.7,1.1k
INDO-MIM,4.0,1.1k
Piaggio,3.6,1.1k
Barbeque Nation,3.9,1.1k
Deccan Fine Chemicals,3.6,1.1k
Wistron,4.0,1.1k
Jacobs Engineering Group,4.2,1.1k
ICON Plc,4.0,1.1k
Balkrishna Industries,4.0,1.1k
Onward Technologies Inc,2.9,1.1k
VMware Software,4.4,1.1k
Saipem,4.2,1.1k
Motilal Oswal Home Finance,4.3,1.1k
Jabil Circuit India,4.0,1.1k
Kohler,3.7,1.1k
Hyundai Mobis,3.7,1.1k
Sundaram Finance,4.0,1.1k
Navitasys India,4.1,1.1k
Advantmed,4.2,1.1k
Unicharm,3.9,1.1k
Zydus Wellness,4.1,1.1k
TK Elevator,3.8,1.1k
V2 Retail,3.3,1.1k
Asirvad Microfinance,3.8,1.1k
Wonder Home Finance,4.6,1.1k
Stanza Living,3.0,1.1k
Hikal,3.8,1.1k
Kirloskar Brothers,3.8,1.1k
Sri Chaitanya Educational Institutions,3.7,1.1k
Jet Airways,4.6,1.1k
Svatantra Microfin,3.9,1.1k
Syngenta,4.2,1.1k
Air India Sats Airport Services,3.6,1.1k
CALIBEHR,4.0,1.1k
Godrej Agrovet,3.9,1.1k
MAHLE ANAND Filter Systems,4.0,1.1k
Amazon Sellers Services,4.0,1.1k
Adani Ports and SEZ,3.7,1.1k
GAIL,4.4,1.1k
Tube Investments of India,3.8,1.1k
Aarvi Encon,3.9,1.1k
Nexa,4.0,1.1k
Metropolis Healthcare,3.9,1.1k
Gmmco,4.0,1.1k
MG Motor,3.8,1.1k
Northcorp Software,4.8,1.1k
Vedanta Aluminium,3.8,1.1k
Power Grid Corporation of India,4.3,1.1k
Vayona Energy,4.0,1.1k
Knorr-Bremse,3.3,1.1k
HPCL-Mittal Energy Limited,4.3,1.1k
1point1 Solutions,3.3,1.1k
Pernod Ricard,3.5,1k
Klm Axiva Finvest,4.4,1k
TÜV NORD,3.8,1k
TKIL,4.1,1k
Bajaj Capital Insurance Broking Limited,4.4,1k
Zf Rane Automotive,4.0,1k
Spencer's Retail,3.8,1k
Bharat Sanchar Nigam,3.9,1k
Kinara Capital,4.2,1k
Tata Capital Housing Finance,3.9,1k
Dana Anand,4.0,1k
Thermo Fisher Scientific,3.7,1k
Greenko Group,3.9,1k
GlobalData,3.4,1k
Nippon Life India Asset Management,4.6,1k
Hindustan Zinc,3.8,1k
Aspire Systems,3.8,1k
Wheels,3.9,1k
Gharda Chemicals Limited,4.0,1k
ValueMomentum,3.2,1k
Otis Elevator,4.1,1k
Ceasefire Industries,3.1,1k
Netcracker Technology,3.0,1k
Lakshmi Machine Works,3.8,1k
SYSKA LED Lights,2.9,1k
Amara Raja Group,4.1,1k
BirlaNu,3.9,1k
Sahara India Pariwar,3.8,1k
Crompton Greaves Consumer Electricals,3.7,1k
Allianz Technology,4.0,1k
Incheon Motors,4.7,1k
Uber,4.1,1k
Fractal Analytics,4.0,1k
Vistaar Finance,3.9,1k
iQor Global Services,3.3,1k
IIFL Home Finance,3.8,1.1k
Hitachi Energy,4.1,1k
Suzuki Motorcycle,4.0,1k
Malabar Gold and Diamonds,4.0,1k
Encora,3.4,1k
Temenos,3.2,1k
SitusAMC,3.3,1k
Vertiv,3.9,1k
Shyam Steel Group,3.5,1k
SLMG Beverages,3.9,1k
ALLEN Career Institute,3.8,1k
NBC Bearings,3.9,1k
MakeMyTrip,3.4,1k
GVPR Engineers,3.8,1k
IB Group,3.8,1k
Lemon Tree Hotels,4.0,1k
Hinduja Housing Finance,3.7,1k
TradeIndia (Infocom Network Private Limited),3.3,1k
Visionet Systems,3.3,1k
Perfetti Van Melle,4.2,997
Bounteous x Accolite,3.2,995
Westside,3.8,993
Innodata India Private Limited,3.5,991
Secure Meters,3.9,991
Atlas Copco,4.1,991
Hitachi Payment Services,3.6,991
eClinicalWorks,3.6,992
QX Global Group,3.1,991
CarDekho Group,3.6,989
Syrma SGS Technologies,4.0,988
Thomas Cook,4.0,988
United Breweries,3.3,988
AstraZeneca,3.9,986
Mastek,3.6,986
Fortrea Development India Private Limited,3.9,985
Pristyn Care,3.2,985
JW Marriott,4.2,984
Tata Cummins,4.4,983
ALTEN,3.6,982
ALTEN,3.6,982
Colgate Palmolive,4.0,990
Amazon Web Services,3.8,980
Collins Aerospace,3.8,980
Comviva Technology,2.9,979
Star Cement,4.0,977
Cult.fit,3.6,976
Mahindra Automotives,3.8,975
MasterCard,3.8,975
Arohan Financial Services,3.9,974
Rebel Foods,3.7,974
Everest Industries,3.9,974
Aparajitha Corporate Services,3.8,974
C&S Electric,4.0,972
Vaco Binary Semantics,3.1,972
Siemens Energy,4.1,969
Pizza Hut,4.0,970
Xebia,3.1,968
Softenger,3.9,968
Unity Small Finance Bank,3.6,1k
Altisource,3.5,966
Barclays Global Service Centre,3.9,964
VIP Industries,3.7,963
Natco Pharma,4.0,963
Kendriya Vidyalaya Sangathan,4.3,962
Wonder Cement,4.2,961
TechnipFMC,3.9,961
Lowe's,4.1,960
Merino Industries,3.8,961
Napino Auto & Electronics,3.8,960
Tiger Analytics,3.7,959
Quantiphi Analytics Solutions Private Limited,3.1,959
Capacit'e Infraprojects,3.7,959
Lumina Datamatics,3.2,958
General Mills,4.1,956
J B Chemicals And Pharmaceuticals,3.9,957
Pricol,3.9,956
Petrofac,4.2,955
Nasser S. Al Hajri Corporation,3.6,955
Jyothy Labs,4.1,955
LOREAL,3.8,954
Yokohama Off-Highway Tires,3.6,952
Episource,3.9,951
Gannon Dunkerley & Co.,3.4,951
JSW Group,3.8,950
Financial Software & Systems,3.6,949
Hiranandani Financial Services,4.4,946
Mando Automotive,4.0,945
Jubilant Pharmova,3.7,944
Defence Research & Development Organisation,4.5,942
Technip Energies,4.1,941
Salcomp Manufacturing,4.0,940
Guidehouse,3.6,939
VeeTechnologies,3.8,939
KEI Industries,4.3,938
Shriram General Insurance,3.6,938
National Payments Corporation of India,4.0,937
Hathway,3.3,936
Marsh McLennan,3.9,936
BDR Pharmaceuticals International,4.1,935
Astral Adhesives,3.9,935
Skipper,3.8,935
Pramerica Life Insurance,3.6,934
Velocis Systems,3.8,934
Amphenol Interconnect,4.2,933
ICCS,3.1,933
Tikona Infinet,3.5,931
Timken,3.9,930
Jaro Education,3.2,928
Aristo Pharmaceuticals,4.0,928
FLSmidth,3.6,928
Aircel,4.4,927
Adani Enterprises,3.6,927
Reliance Power,4.1,927
Signify,3.4,927
Naukri,4.2,927
SFO Technologies,3.4,925
Psp Projects,3.9,925
Bhanzu,3.8,921
KMV Projects Limited,4.2,920
Bayer,4.1,918
Knight Frank,4.1,919
Test Yantra Software Solutions,3.1,917
Sundaram Clayton,3.9,913
Navayuga Engineering Company,3.9,914
Xceedance,3.6,913
Godfrey Phillips India,4.0,912
Apotex Research,3.8,911
Nityo Infotech,3.3,909
GE Healthcare,3.9,911
Tafe Motors & Tractors,3.9,908
Netscribes,2.7,907
Deepak Fertilisers and Petrochemicals,4.1,906
Nirma,4.2,905
Volvo,4.0,905
Birla Opus,4.0,907
Experis IT,3.0,905
Sandhar Technologies,3.8,903
Neel Metal Products,4.0,902
Schlumberger,3.8,901
HomeLane,3.3,900
Medhaj Techno Concept,4.0,900
Medha Servo Drives,4.3,900
CIEL HR,3.9,901
Aviva Life Insurance India,3.5,898
Egis India Consulting Engineers,4.2,898
SKH Metals,4.0,897
Steag Energy Services,4.3,896
Yashoda Hospitals,3.9,895
Bosch Chassis Systems,4.1,894
OCS Group,4.1,894
Volkswagen,4.2,893
Target,4.0,892
LanceSoft,3.2,893
AJIO,3.6,891
Re Sustainability Limited,3.8,890
Vedanta Resources,3.7,889
Michelin,3.7,888
HT Media,3.1,888
Ashirvad Pipes,3.9,888
BGR Energy Systems,3.8,887
Alok Industries,3.5,884
JSW Paints,3.8,883
Musashi Auto Parts,3.9,881
TNQ Tech Private Limited,3.5,880
Marks & Spencer,3.9,879
Vijay Sales,4.2,879
Tata Chemicals,3.9,878
Orient Electric,3.7,879
Updater Services,3.7,879
Regulated Council of Immigration Consultants,4.9,877
"Commonwealth Bank of Australia, India",2.8,878
FastInfo,4.1,873
RAMTeCH Software Solutions,3.7,869
Sona Comstar,4.0,869
ACL Digital,3.6,868
C.R.I. Pumps,3.9,867
Greenlam Industries,4.1,867
Next Education India,3.2,867
Centum Electronics,3.5,867
Intellipaat Software Solutions,3.8,865
Carborundum Universal Limited,3.7,865
MAS Financial Services,3.7,868
Wakefit,4.0,866
Acme Cleantech Solutions,4.0,863
Tata Starbucks,4.1,862
Future Focus Infotech,3.3,860
Athena BPO,3.3,860
Magna International,3.8,859
Parekh Integrated Services,4.1,860
National Health Mission,3.4,859
Ageas Federal Life Insurance,3.5,856
Bechtel,3.9,856
Apar Industries,4.1,855
Torry Harris Integration Solutions,4.2,855
Precision Infomatic M Pvt Ltd,3.8,855
Silaris Informations,3.0,855
WSP,4.2,855
Shilpa Medicare,3.4,854
H&M,3.9,854
M3M India,4.0,852
IDEMIA,3.8,853
Panacea Biotec,3.6,851
Wipro PARI,3.3,852
LEAD School,3.3,849
Motherson Sumi Wiring,3.7,920
Porter,3.5,848
Serco,4.2,848
Epsilon,3.6,847
Zudio,3.9,847
Jaya Hind Industries,3.7,847
Fedbank Financial Services,4.0,847
Rico Auto Industries,3.8,846
Mahindra First Choice Wheels,3.8,847
MOURI Tech,3.6,845
Tata Hitachi Construction Machinery,4.0,845
Satya MicroCapital,3.7,845
Nlb Services,3.6,842
Bank of India,3.9,842
Swaraj Tractors,4.0,842
Nlb Services,3.6,842
Bank of India,3.9,842
Ups Logistics,3.6,842
Nibav Lifts,4.0,841
Impact Infotech Pvt. Ltd.,3.4,840
Mahindra Tractors,4.1,838
Ather Energy,4.1,838
Rohan Builders,4.1,838
Tata Power Solar,4.0,837
India Shelter Finance Corporation,3.9,837
KGISL,3.0,835
Alorica,3.1,834
Shaktiman Tirth Agro Technology,3.9,834
Arvind Lifestyle Brands,4.0,833
Sanden Vikas,3.9,833
Duck Creek Technologies,4.6,832
enGen Global,3.9,832
Consolidated Contractors,4.3,832
AuthBridge Research Services,3.2,831
Casagrand,3.8,832
Guardian India,3.8,830
Feedback Infrastructure Services,3.4,830
Royal Sundaram General Insurance,3.8,830
HP India,3.8,829
Union Bank of India,3.8,829
Fareportal,3.0,828
FIITJEE,3.2,828
Victora Auto Private Limited,4.0,827
Luxoft,3.6,823
Punj Lloyd,3.9,821
Clarivate,3.7,821
Lumen Technologies,4.0,820
Freshworks,3.4,820
Eris Lifesciences,3.6,819
Ford Business Solutions,4.1,819
Greaves Cotton,4.0,820
Ramco Systems,3.8,817
Metso,4.1,816
Sutherland Healthcare Solutions,3.7,815
Medusind Solutions,3.4,816
Rockwell Automation,3.7,813
eTeam,3.2,813
UKG,3.0,815
Baxter International,3.8,813
IBS Software Services,3.6,812
Bpo Convergence,3.4,811
Qinecsa Solutions,2.8,803
Forever Living Products,4.3,809
Poly Medicure,3.5,809
Artech Infosystems,3.3,809
Huhtamaki,4.0,808
DBG Technology,3.7,808
Rodic Consultants,4.2,807
Integra Software Services,3.7,806
Teamware Solutions,4.2,806
RR kabel,4.1,805
Sunbeam Auto,3.9,804
Rashmi Group,3.5,803
Nexdigm,3.7,824
Linde India,3.9,802
Investors Clinic,3.6,801
Vijaya Diagnostic Centre,3.8,800
Principal Global Services,3.6,799
Fluor Corporation,4.1,795
Five-Star Business Finance,4.1,799
Eveready Industries,3.9,797
Zydus Healthcare,4.0,798
Border Security Force,4.4,797
Hitachi,3.9,795
K Raheja Corp,4.1,795
JK Paper,3.9,795
Advik Hi Tech,3.7,794
Bill Gosling Outsourcing India,3.5,796
Intex Technologies,3.7,793
Prama Hikvision India,3.5,793
Syneos Health,3.6,794
Zidio Development,4.4,792
Praj Industries,4.0,792
PUMA,4.1,791
BDO,3.2,789
Waaree Energies,4.0,790
Skill Lync,3.1,788
Zuventus Healthcare,3.9,787
Qualitest,3.6,787
Prince Pipes & Fittings,4.2,785
THE LEELA PALACES HOTELS & RESORTS,4.0,786
Chennai Radha Engineering Works,3.9,785
RenewBuy,3.3,785
IFFCO,4.1,784
Nippon Koei India,4.8,783
Wipro Consumer Care & Lighting,3.7,783
Cigniti Technologies,3.8,782
Maveric Systems,3.3,781
Franklin Templeton Investments,3.9,781
Engineers India,4.2,782
Careernet,3.6,780
Edubridge Learning,3.9,780
Microtek International,3.7,780
NTT,3.8,778
Rallis India,4.0,778
Aequs,3.4,778
Credence Resource Management,3.0,778
Indo Autotech,3.9,779
Vastu Housing Finance,4.2,778
Amber Enterprises India,4.0,777
AISIN,4.1,777
Jai Balaji Group,3.2,776
Pratap Technocrats,3.8,774
Reliance BP Mobility,3.6,773
Progressive Infotech,3.3,771
Action Construction Equipment,3.7,771
Dineshchandra R. Agrawal Infracon,4.0,771
Toyo Engineering,4.0,771
Novac Technology Solutions,3.6,770
First Advantage,3.5,770
Reliance Smart,4.1,771
Radical Minds,2.9,770
Denave,3.5,770
Cohance Lifesciences,3.8,918
Ask Automotive,4.2,769
Somany Ceramics,4.2,769
Ramkrishna Forgings,3.4,767
Simplilearn,3.2,766
Creative Synergies Group,3.9,766
Hilti,3.4,768
Lea Associates South Asia,4.2,767
Lenovo,4.0,765
Travel Food Services Ltd,4.1,765
People Tech Group,2.4,765
Wipro Infrastructure Engineering,3.7,765
Axtria,2.8,764
Creambell,3.8,764
Fleetguard Filters Private Limited,4.3,763
Allied Digital Services,3.2,763
Better.com,3.0,762
Ksb Pumps,3.8,762
Hitachi Digital Services,3.5,762
Ugro Capital,3.7,762
Universal Sompo General Insurance,4.4,761
Forvia Hella,3.8,761
Bses Rajdhani Power,3.8,761
Quatrro Business Support Services,3.3,760
JioStar,3.5,760
Fidelity International,3.6,759
Dunzo,3.5,759
Assystem,3.3,757
Times Internet,3.5,757
Petpooja,4.0,758
BNP Paribas India Solutions,3.6,757
Alivus Life Sciences,3.8,757
Samsung E&A,3.9,755
Central Industrial Security Force,4.3,754
Amadeus,3.7,753
1 India Family Mart,4.6,753
Brane Enterprises,2.1,752
Wapcos,3.3,752
HSBC Software Development,4.1,751
McDermott International,4.2,751
Y-Axis Overseas Careers,4.1,751
BCD Travel,4.3,750
Orion Edutech,3.1,750
Zee Entertainment Enterprises,3.4,750
Wabtec,3.9,751
Finolex Cables,3.7,749
CADD Centre Training Services,3.9,749
Bunge India,4.0,749
VA Tech Wabag,3.8,748
JM Financial,3.8,748
National Informatics Centre,3.9,748
Vaaman Engineers,3.8,747
TO THE NEW,3.6,746
India Japan Lighting,4.0,744
ManipalCigna Health Insurance,3.7,743
Hapag-Lloyd,3.8,745
Sharda Motor Industries,3.8,742
SLK Global Services,3.9,742
Integreon,3.2,742
CMS Computers Limited (INDIA),3.6,740
Galfar,4.0,740
India Cements,3.8,740
Bitwise Solutions,3.7,740
Livguard,3.9,739
Veradigm,3.8,739
Primus Global Technologies,3.8,739
Mswipe Technologies,3.2,738
ESL Steel,3.8,738
Steel Authority Of India,4.1,738
EMERSON PROCESS MANAGEMENT,4.0,736
Religare,3.7,736
UnitedLex,2.7,736
Exicom,4.0,736
Mott MacDonald,4.0,735
LifeCell International,3.4,735
OLX India,3.7,736
Patel Infrastructure Limited,4.2,735
Protiviti,3.0,734
Ameriprise Financial,3.7,735
Padget Electronics,3.8,733
Indusind Marketing & Financial Services,3.6,733
Care Hospital,4.1,732
Deepak Nitrite,3.9,730
Celebal Technologies,3.0,730
GirnarSoft,3.7,729
Greenply,3.8,729
Ascendion,3.3,731
Vertex Customer Solutions,3.6,729
Isuzu Motors,4.1,729
Stellantis,3.4,729
Adidas,3.9,728
ASG Eye Hospital,3.5,728
Rackspace,3.7,727
Sun Life Financial,3.8,727
Boeing,3.8,727
The Akshaya Patra Foundation,4.4,725
Smollan Group,3.9,725
Lavender Technology,4.9,724
Neuland Laboratories,4.0,724
Google Operations Center,3.6,724
DuPont,4.2,722
Writer Information Management Services,3.1,722
V-Trans,3.8,719
ffreedom app,3.5,719
Transrail Lighting,4.0,719
McKinsey & Company,3.8,717
RITES,3.9,716
Expleo Solutions,3.5,717
Mindsprint,3.6,715
Molex,3.9,714
Sterlite Power,4.0,714
BDO India LLP,3.3,713
Volkswagen Group Technology Solution,3.9,713
LG Soft India,2.8,713
TDK India Private Limited,3.9,713
Aurigo Software Technologies,4.6,712
Nvidia,3.5,711
Ag Industries,4.0,711
AI Airport Services,3.3,711
Koch Business Solutions,3.1,711
Biba Apparels,3.5,710
B. G. Shirke Construction Technology,4.2,709
Mitsubishi Electric India,4.2,708
XcelServ Solutions,4.4,708
uFaber,2.2,708
Eugia Pharma Specialities,4.0,708
Electrosteel Casting,3.7,707
NecLife,3.6,707
Medreich,3.9,705
BSH Home Appliances Group,3.8,705
Delta Electronics,3.9,704
Rentokil Pest Control,3.6,703
Tavant Technologies,3.8,703
Sykes Business Services Of India,3.4,702
Genus Power Infrastructures,3.9,701
Bikanervala,3.9,700
Home First Finance Company India,3.5,700
Redcliffe Labs,3.9,700
TCNS Clothing Company,4.1,698
Bristlecone,3.6,699
Visteon,3.2,697
URC Construction,3.7,697
Turtlemint,3.6,697
Evision Technoserve,4.7,696
Bahwan CyberTek,3.4,696
Razorpay,3.4,697
Thriveni Earthmovers,3.9,695
Gartner,3.8,695
Raychem RPG,3.7,695
Mynd Solutions Private,3.7,694
Apple,4.3,694
Samunnati,4.5,694
Amrit Cement,3.9,693
Diebold Nixdorf,3.6,692
HSBC Bank,4.0,693
Eastman Auto and Power Limited,3.9,691
Transsion,4.0,691
Ramky Infrastructure,4.2,690
Lovely Professional University,3.3,690
Goodyear,3.5,689
HRH Next Services,2.9,689
Bharat Serums and Vaccines,3.9,688
Asb International,3.6,689
Embibe,3.4,687
Cotiviti,3.6,687
Kurlon,4.3,687
LEAP India Limited,4.6,686
Toppr,3.4,685
NSB Bpo Solutions,2.9,686
Infor Global Solution,3.9,685
Csc E Governance Services,3.8,685
Micro Turners,3.8,684
Moglix,3.3,685
Bayer Crop Science Vegetable Seeds,4.1,684
North East Small Finance Bank,3.5,684
Wolters Kluwer,3.8,683
Trianz,3.4,683
KreditBee,3.5,683
Vindhya Telelinks,4.0,683
Titan Eye Plus,4.1,683
Central Bank of India,3.9,683
Radico Khaitan,4.0,683
Central Bank of India,3.9,683
Tredence,3.4,682
Ness Digital Engineering,3.4,683
TTK Prestige,3.8,681
Patel Engineering,4.1,681
Flash Electronics,3.6,681
Orient Cement,4.4,680
Wuerth,3.5,680
Office Beacon,4.6,679
IHG,3.5,679
Keventer,3.8,677
Testbook.com,3.3,679
Caparo Engineering India,4.0,679
Cohesity,3.9,680
Bisk Farm,4.0,678
ReSource Pro,3.8,678
Kaar Tech,4.4,678
Medtronic,3.9,677
Neeyamo Enterprise Solutions,3.6,677
Writer Corporation,3.4,677
Medtronic,3.9,677
Writer Corporation,3.4,677
PrimEra Medical Technologies,3.6,678
CtrlS,3.6,677
VRL Logistics,3.7,677
Jubilant Ingrevia,3.8,676
Vizag Steel,4.0,676
JSW Energy,4.1,676
Government of India,4.2,676
Livpure,3.9,675
Autoliv,4.0,675
TVS Electronics,3.8,675
ChannelPlay,3.8,674
Leverage Edu,4.1,673
Rane NSK Steering Systems,4.0,673
PPG Asian Paints,3.9,673
Emami Agrotech,3.9,674
BASF,4.2,672
Nephroplus,3.8,672
Snapdeal,3.8,671
Nephroplus,3.8,672
Blue Yonder,3.6,670
DAV Public School,4.0,670
Surya Roshni,4.1,670
YOKOGAWA,3.7,670
Orient Technologies,3.7,669
NextComm Corporation,4.8,669
Shalby Hospitals,4.2,669
Quess IT Staffing Solutions,3.1,671
Dodla Dairy,4.2,670
Lohia Corp,3.9,668
Bridgestone - Global Capability Center,4.0,668
L&T Power,3.9,668
Dhanuka Agritech,3.7,667
Future Supply Chain Solutions,4.4,666
EPL Limited,3.8,666
SG Analytics,2.6,666
Redington,4.0,666
Lionbridge Technologies,3.5,666
Quislex Legal Services,4.0,664
Kissht Finance,3.9,665
Capco Technologies,3.7,663
R.S. Infraprojects,4.0,662
TransUnion,3.6,663
Housing.com,3.6,661
Progressive Infovision,3.8,661
MPS Limited,3.5,661
Triveni Engineering & Industries,4.1,661
Kutumbh Care,4.0,660
Mahindra Integrated Business Solutions,3.4,660
Osource Global,3.5,661
Technotask Business Solutions,3.5,677
Corteva Agriscience,4.2,657
Vasudha Pharma Chem,4.0,658
Saint Gobain Glass,3.8,656
Ingram Micro,3.6,656
Qatar Airways,3.5,656
Epicenter Technologies,3.4,656
Omaxe,4.2,655
Tejas Networks,3.7,655
Cogoport,3.2,655
Wissen Infotech,3.6,654
Videocon d2h,3.8,654
Neurealm,3.4,654
Licious,3.6,654
Optimum Infosystem,3.3,653
PeopleStrong,3.4,652
SMC Global Securities,3.4,652
Elite Elevators,4.1,653
CJ Darcl Logistics Limited,3.9,651
PCBL Chemical Limited,3.9,651
Healthians,4.1,651
Celebi Aviation Holding,4.0,651
Indorama,3.9,650
Sandvik Asia,4.0,649
CSC,3.6,650
JoulestoWatts Business Solutions,3.5,649
BankBazaar,3.3,648
Welspun World,3.6,648
HCL Healthcare,4.6,648
TCI Express,3.9,648
Krsnaa Diagnostics,3.6,648
Marlabs,3.5,647
TIAA Global Business Services,3.8,647
Magic Edtech,3.6,646
Magic Bus India Foundation,3.8,646
DeHaat,3.6,646
My Home Industries,4.0,644
Data Entry,4.3,644
Sintex BAPL,3.6,644
Shivalik Small Finance Bank,3.8,644
Quality Austria Central Asia,3.5,644
Nihilent,3.2,644
Tata Power Delhi Distribution,3.8,642
Uno Mindarika,4.0,643
Fiat India Automobiles,3.6,642
Yatra,3.2,642
Times Group,3.8,641
Forbes Marshall,3.9,641
Narayana e-Techno School,3.6,640
Talentpro,3.8,639
Centaur Pharmaceuticals,3.5,638
Alshaya Group,3.8,637
Inspirisys Solution,3.7,637
Pennar Industries,3.4,636
Carrier,3.7,636
Ramboll,4.0,636
NICE,3.5,636
ANAROCK Property Consultants,3.6,636
The Lalit,3.5,635
Encore Capital Group,3.9,633
ICA Edu Skills,3.8,633
GKN,3.9,632
bp,3.7,632
Hetero Healthcare,3.5,632
FCC Clutch,3.8,631
Welspun Corp,4.0,631
Continental,3.6,630
Ferrero,3.9,630
Khazana Jewellery,3.9,631
Surin Automotive,3.8,629
Philips Innovation Campus,3.7,629
Mount Litera Zee School,3.7,629
3M,4.0,628
Impetus Technologies,3.4,628
Ferrero,3.9,630
Vikram Solar,3.6,628
NRB Bearings,4.1,627
Crowne Plaza,4.1,626
NoBrokerHood,2.8,626
Electrotherm,4.2,626
B.L. Kashyap & Sons,3.8,626
Gainwell Commosales,4.0,625
RealPage,3.6,625
ExportersIndia,4.9,625
Ebixcash Global Services,3.2,625
Me n Moms,4.2,624
Danfoss Industries,3.9,624
Geojit Financial Services,3.4,624
TDS Lithium-Ion Battery,4.2,624
Karvy Stock Broking,3.6,622
MAQ Software,3.3,623
Suroj Buildcon,4.1,623
Varthana,4.0,622
TVS Eurogrip,3.7,621
UKB Electronics Limited,3.6,622
Avalon Technologies,3.8,621
BrightCHAMPS,4.3,620
Manjushree Technopack,3.5,621
Tecnimont,3.9,620
NetConnectGlobal,3.1,620
Turbo Energy,4.2,620
Finova Capital,3.8,619
Revolut,2.6,620
Varun Motors,3.8,618
Global Healthcare Billing Partners,3.4,618
Trigent Software,3.4,618
Reliance Jewels,3.9,618
South Indian Bank,3.3,617
National Stock Exchange of India,3.6,617
BDO RISE Private Limited,3.6,616
Suraksha Diagnostic,3.7,616
Sapphire Foods India,3.8,616
Careon Healthcare Solutions,3.9,640
Airports Authority of India,4.2,615
ACKO,3.5,615
Shivam Autotech,3.6,614
Kaizen IT Services,3.9,614
Collegedunia,3.0,615
Sir H. N. Reliance Foundation Hospital and Research,4.3,614
Pyramid IT Consulting,3.1,613
Netmeds.com,3.8,613
Hitachi Systems Micro Clinic,4.0,612
Emids Technologies Limited,3.6,612
Sigma Engineered Solutions,3.9,613
Kajaria Ceramics,3.9,612
IDBI Intech Limited,3.2,612
Annalect,3.4,612
Suma Soft,3.5,612
Maharashtra Seamless,3.5,611
Maharashtra Seamless,3.5,611
Dr. Batras' Positive Health Clinic,3.8,611
Aster Dm Healthcare,3.7,611
Chaitanya India Fin Credit,4.0,611
Wissen Technology,3.7,611
Monte Carlo,4.2,610
ThoughtWorks,3.9,610
EaseMyTrip.com,4.1,610
Nucleus Software Exports,3.4,610
Shriram Automall,4.0,609
Central Reserve Police Force,4.6,609
Sasken,3.6,609
Sintex Industries,3.9,609
CSM Technologies,4.0,610
InsuranceDekho,3.5,609
Gestamp,3.6,608
Hamilton Housewares,3.9,607
SOLAR INDUSTRIES INDIA,3.7,607
Medcode,3.9,607
Becton Dickinson,4.0,607
Hamilton Housewares,3.9,607
IRB Infrastructure,3.9,607
Ongc Petro Additions,4.0,606
Super Smelters,3.7,606
MothersonSumi INfotech & Designs,3.4,606
HDFC Asset Management Company,4.1,606
Serum Institute of India,4.1,605
Mavenir Systems,3.3,605
Action Tesa,3.9,607
Fiem Industries,3.6,605
Holiday Inn,4.0,604
Royal Caribbean International,4.2,604
Einfochips,3.5,603
Sapiens,3.1,603
Vedanta Limited,3.7,603
Dhani Services,3.7,603
Finastra,3.7,604
Carnival Cruise Lines,4.2,603
Agrostar,4.0,602
Family Health Plan,3.7,602
Cyfuture,3.0,602
ShareChat,3.6,601
Belstar Microfinance,4.0,601
ITC Limited Foods Division,3.9,601
Royaloak Incorporation,3.7,601
Godrej Industries,4.1,600
BT E Serv,3.9,600
Polaris Consulting,4.1,600
Jain Irrigation Systems,3.7,600
Schwing Stetter,3.9,600
Grab A Grub Services,3.9,600
Sanghi Industries,4.0,598
Motilal Oswal Wealth Management,4.4,598
Sudarshan Chemical Industries,3.9,598
Kirloskar Ferrous Industries,3.6,598
Cashify,3.8,598
BMC Software,4.0,598
Renovision Automation Services,3.3,599
Columbia Asia,4.6,598
Rocket India,4.0,596
Blackrock,3.5,595
Ugam Solution,3.6,595
Nspira Management Services,3.7,594
Mrs Bector's Food Specialities,3.9,594
Jubilant Agri and Consumer Products,4.0,594
VDA Infosolutions,3.8,594
Jayaswal Neco Industries,4.1,594
CSG International,3.5,593
Toyoda Gosei Minda,4.2,592
Bridge & Roof Co,3.4,592
Finolex Industries,3.6,599
Blackberrys,3.7,591
DHL Global Forwarding,4.0,591
IKEA,4.0,590
Myk Laticrete,3.9,590
DealShare,3.6,590
United Colors of Benetton,4.3,589
Hpl Electric & Power,3.7,589
Inspira Enterprise India Limited,3.6,588
Heidelberg Cement,4.1,588
Medley Pharmaceuticals,3.9,587
Kellogg,4.2,587
Pathkind Diagnostics Private Limited,4.0,587
SIS Prosegur Holdings,3.4,587
HLL Lifecare,3.7,586
Vedang Cellular Services,3.8,586
Saudi Aramco,4.5,586
Bharat Biotech International,3.1,586
AVTEC,3.5,586
Excitel Broadband,3.6,585
Coal India,4.0,584
Vadilal Industries,4.1,585
IDP Education Limited,3.6,584
Maxicus,4.0,584
Ofbusiness,3.0,584
Eli Lilly and Company,3.4,582
Kiya.ai,3.8,582
Anmol Industries,3.9,583
Consulting Engineers Group,4.1,582
Varindera Constructions,4.4,582
Avaada Group,4.3,582
Affinity Express,2.8,581
Sterling Oil Exploration & Energy Production,3.5,581
Efs Facilities Services,3.7,580
Ascent HR Technologies Private Limited,3.7,580
EdgeVerve Systems,3.3,580
Infinity Learn,4.2,579
BEML,3.8,579
Jubilant Generics,4.0,579
APL Apollo Tubes,4.0,579
Hilton,4.1,578
Pamac Finserve,3.2,578
Quest Retail Private Limited,4.1,578
Capital Numbers Infotech,4.2,577
Micromax Informatics,3.9,577
Hettich,3.7,578
PTC,4.2,576
Accion Labs,3.5,576
NLC India Limited,4.4,575
Cvent,3.2,575
NLC India Limited,4.4,575
Colt Technology Services,4.2,575
Wood Group,3.8,575
Gandhi Automations,4.0,574
Jindal Poly Films,3.6,574
Lulu International Shopping Mall,3.7,574
Orra Fine Jewellery,3.5,574
The Saraswat Co-operative Bank,3.2,573
Apitoria Pharma,4.2,573
Dr. Reddy's Foundation,3.7,573
Maharashtra State Electricity Distribution Company,4.2,572
Axiscades,3.1,572
PureSoftware,2.9,573
Army Public School,4.0,572
Vyapar,3.6,574
HashedIn by Deloitte,4.0,571
Perficient,3.8,573
AVEVA,4.0,571
AVIOM,4.0,571
PayU Payments,3.3,570
PayU Payments,3.3,570
WayCool Foods and Products,3.4,569
Jaipur Rugs,4.3,569
HBL Power Systems,4.0,569
TSYS|Total System Services,4.1,568
Fenesta Building Systems,4.0,568
Damco Solutions,3.5,568
Aurionpro Solutions,3.4,568
Amway India Enterprises,4.1,567
Applied Materials,3.7,567
Country Delight,3.8,567
Alcon,3.8,566
J K Fenner,3.9,566
McCain Foods,4.1,565
Maxop Engineering Co.,4.1,565
FNP,3.7,565
Dishman Carbogen Amcis,3.6,565
SoftAge Information Technology,3.6,565
Pinnacle Infotech,3.4,565
Expleo Group,3.4,565
Expleo Group,3.4,565
Baker Hughes,4.1,563
Iron Mountain Inc,3.8,563
Prochant,3.9,563
Allianz Services,4.1,564
Levi Strauss & Co.,4.2,562
Empower,4.0,562
Kauvery Hospital,4.0,561
C5i,4.2,560
HUDL,3.2,561
Voyants Solutions,3.8,559
United Spirits,4.1,559
Wow Momo Foods,3.6,560
Toyota Industries Engine India,4.3,559
Lear Corporation,4.0,558
Toothsi,2.7,558
Paras Dairy,3.5,559
Andritz Hydro Location India,3.8,558
BAXY,4.0,573
DB Schenker,4.3,557
UTL Solar,3.7,556
Genesys International Corporation,3.4,556
ArcelorMittal,4.1,556
Paramount Health Services Tpa,3.8,556
Herbalife International,4.0,557
Matrimonialsindia,4.9,557
Solara Active Pharma Sciences,3.7,556
Congruex Asia Pacific,3.7,555
QSpiders,3.7,555
Renault,4.1,554
BUSINESSNEXT,3.5,554
Courtyard by Marriott,4.2,554
MITS Global Consulting,4.5,554
Mahendra NextWealth IT,3.4,553
"DATAMARK, Inc.",3.5,554
Z X Learning,4.3,553
Ambit Finvest,4.0,552
Sandoz,4.0,552
Laxmi Organic Industries,3.9,553
The Times of India,3.6,551
Prestige Group,4.3,551
Practo,3.0,551
The Times of India,3.6,551
Bajaj Consumer Care,3.8,551
Kirloskar Pneumatic,4.1,550
FiveS Digital,3.4,550
Innominds Software,3.2,550
Unimoni,3.9,550
General Motors,4.0,550
Harman Finochem,3.6,550
Navin Fluorine International,3.8,549
Western Refrigeration,3.8,549
Bharat Fritz Werner,3.9,548
Titan Engineering & Automation,3.8,548
Marelli,3.5,548
SAEL Industries Limited,4.0,548
Carlsberg,4.0,547
Inox Wind,3.8,547
Datamatics Business Solutions,3.4,547
MR.DIY,3.4,547
Enco Engineers Combine,3.7,545
Kellogg Brown and Root,4.1,544
Propertypistol Realty,3.7,544
L & W Constructions,3.9,545
BLK Super Speciality Hospital,3.9,545
Anudip Foundation,3.7,544
Virtual Employee,3.3,544
GSPANN Technologies,4.1,544
LendingKart,3.6,543
Offshore Infrastructures,4.2,543
Gayatri Projects,3.9,542
Craftsman Automation,3.8,542
WPP Media,3.6,542
Utility Powertech,3.8,541
Maini Precision Products,3.4,541
Hi Tech Gears,3.9,541
Yokohama,3.7,541
Roop Polymers,3.9,540
Dhani Healthcare,3.5,540
RAK Ceramics,3.8,540
Eicher Motors,4.0,541
Bharti Infratel,4.7,539
Sulzer,3.9,539
Fena,4.0,538
AM Infoweb,3.8,538
Unified Mentor,4.2,538
RuralShores,3.7,538
Tracxn,2.7,537
RadiSys,3.8,537
Allianz Partners,3.7,537
Macawber Beekay,4.2,537
Vestige,4.3,536
Maxgen Technologies,4.5,536
Cpf India,4.1,536
Sanmina Sci,4.1,536
RMC Readymix,3.6,535
Insuremile,4.7,535
NMDC Limited,4.1,535
Telenor,4.1,534
S P Singla Constructions,3.5,535
CTS Consulting & Technical Support,3.7,534
Haldiram Snacks,3.9,534
Hitachi Cash Management Services,3.3,535
Infiniti Research,3.4,533
NAV Backoffice,3.8,534
Kidzee,3.9,533
Sterling,4.0,533
Scaler Academy,3.5,533
Zycus Infotech,2.6,533
Micron Electricals,4.1,533
Vimta Labs,3.5,533
Regalix,2.7,531
Dusters Total Solutions Services,3.9,531
Castrol,4.3,532
CompuCom,3.8,530
Welspun Enterprises,4.2,530
DFM Foods,4.0,530
My Home Constructions,4.3,531
Reliance Life Sciences,3.6,529
Canon,3.9,529
Zolo,3.3,529
Wellness Forever Medicare,3.9,529
5paisa Capital Ltd.,4.1,529
DM Immigration Consultant,1.0,529
Stock Holding Corporation of India,3.5,528
Ralson Tyres Limited,3.7,529
Premier Energies,4.0,528
FMC Corporation,3.9,528
Systra Consulting,3.9,527
Emaar India Limited,3.6,528
BOBCARD Ltd.,4.1,527
ExxonMobil,3.8,527
Mecon,3.9,528
Magma General Insurance Limited,3.7,527
Brigade Group,4.1,526
Capital Business Systems,3.6,526
Chaayos,3.4,525
Uttar Pradesh Power Corporation,4.0,525
Legrand,3.7,525
N.C.L. Industries,3.7,526
Satyam Auto Components,3.9,524
CDK Global,3.8,524
V.S.T Tillers Tractors,3.5,524
Bharat Gears,4.0,524
Innovatiview India Ltd,4.3,522
MUTHOOT HOMEFIN (I) LTD.,3.8,522
Karvy Data Management Services,3.8,521
GUS Education India,3.2,521
House Of Anita Dongre,4.2,521
Wockhardt Hospital,4.0,521
Tradeshala,4.5,521
Ge India Industrial,4.2,520
Indecomm Global Services,3.9,520
Vidal Health Insurance,3.7,520
Foray Software,3.4,519
Aptus Value Housing Finance India,4.1,519
ACTE,4.7,519
Hafele,3.9,519
Metro Group of Hospitals,3.8,519
EC-Council,4.1,518
Quikr,3.5,518
Pierian Services,3.3,518
Suprajit Engineering,3.9,518
Ziqitza Health Care,3.9,518
EC-Council,4.1,518
Chemplast Sanmar,3.4,517
JK Tech,3.7,517
Coats,3.6,517
Vishwa Samudra Engineering,3.6,546
DiGibizz,N/A,--
Hitech Projects Limited,4.6,517
ATS Infrastructure,4.1,516
Mobikwik,3.5,515
PEGATRON,3.9,515
Metriqe Solutions,3.9,515
OMICS International,2.5,514
Saksoft,3.4,515
F1 Info Solutions and Services,3.7,514
Amar Ujala,3.9,514
AML RightSource,2.7,564
Saksoft,3.4,515
Amar Ujala,3.9,514
RSB Transmissions,3.9,514
Williams Lea,3.6,514
Macquarie Group,3.1,513
Pitti Engineering,3.8,514
Lakme,4.1,513
Indian Bank,3.4,514
OutworX,3.5,514
Hindusthan National Glass,3.7,512
Spectrum Talent Management,3.5,512
Morepen Laboratories,3.9,512
Vivanta by Taj,4.2,512
Nivea,4.2,511
Galaxy Surfactants,3.8,511
Dr. Agarwal's Eye Hospital,3.8,511
Hitachi Systems,3.9,511
AT&T,3.8,510
CMR Green Technologies,3.5,510
Securitas,3.8,510
LearningMate Solutions,2.9,509
Centum Learning,3.8,509
Hero Cycles,3.3,509
Ramraj Cotton,4.1,511
Amara Raja Infra,3.9,509
Kokilaben Dhirubhai Ambani Hospital,3.7,508
Cairn Energy,3.6,508
Poorvika Mobiles,4.0,508
Ministry of Defence,4.3,509
Webskitters,3.8,507
Muthoottu Mini Financiers,3.4,507
FinThrive,3.5,506
RapiPay,3.6,506
HSBC Global Banking and Markets,3.9,505
RSM India,3.3,505
Pace Setters Business Solutions,3.5,505
QHTalbros,3.7,505
Adda 247,3.6,505
Cuemath,3.5,504
Insolutions Global,3.6,506
Atomberg Technologies,3.8,504
TÜV Rheinland,4.1,503
Mobile Programming,2.9,503
Vakrangee,3.6,503
Addverb Technologies,3.5,503
BharatMatrimony.com,3.9,503
Innovaccer,3.3,502
BKT Tyres,4.2,502
African Industries,3.9,502
Safari Industries India,3.9,502
Great Learning,3.5,502
Deloitte Digital,3.8,502
CARE,4.3,501
Dalmia Bharat Group,3.9,502
Hamdard,4.0,502
Nelito System,3.3,501
Sarovar Hotels & Resorts,4.1,502
Voltech,3.4,500
Johnson Matthey,3.8,500
Stylebaazar,4.0,502
Lotus Herbals Private Limited,4.1,499
Emerson Electric Co.,4.0,499
Tuaman Engineering,4.2,499
SunTec Web Services,3.2,499
Alchemy Techsol India,3.4,499
Rakuten,3.5,499
LIC Housing Finance,3.9,498
Gyan Dairy,4.0,498
Future Lifestyle Fashion,4.2,498
Alight Solutions,3.3,499
Rusan Pharma,3.5,497
Micron Technology,3.6,497
Kandhari Beverages,3.8,497
ServiceNow,4.0,497
BCG,3.7,497
Sheela Foam,3.9,497
ZEISS India,3.7,497
BharatPe,3.5,497
TRINAMIX,4.4,496
Global Autotech,4.0,495
Axa XL,3.6,495
Hinduja Tech,3.1,494
Techwave Consulting,3.7,493
Communications Test Design,3.7,493
Pepperfry,3.1,493
Varuna Integrated Logistics,3.8,494
Adani Cement,3.5,492
Voya India,3.7,493
N+A,3.8,492
ThoughtSol Infotech Limited,4.6,492
Kalyani Technoforge,3.8,492
QUICK HEAL TECHNOLOGIES,3.6,492
MindGate Solutions,3.1,492
India Post,3.7,492
Markets and Markets,2.8,492
Jindal Power Limited,4.3,493
Mars International India,4.2,492
QBurst Technologies,4.3,492
HealthifyMe,2.7,491
Value Point Systems,3.5,491
Go First,3.9,491
Texmo Industries,3.8,491
Yardi Systems,3.6,490
Par Health,4.1,490
2COMS,3.2,490
Medikabazaar,4.3,489
Tractebel,4.1,489
Juniper Networks,4.2,488
Trimax IT Infrastructure Services,3.6,487
Maersk Line,4.0,487
Kirby Building Systems,4.0,487
Akal Information Systems,4.3,487
Sadbhav Engineering,4.2,487
Sterling Holiday Resort,3.8,486
InCred Finance,3.8,486
NJ India Invest,3.7,486
Ivrcl Infrastructures & Projects,4.3,486
Romsons Group Of Industries,3.7,486
Bira 91,3.3,487
Think Gas Ludhiana,3.6,485
Mahanagar Gas,4.2,484
C-Edge Technologies,3.7,483
Epiroc,4.1,483
GD Goenka Public School,3.4,484
Xerox,3.7,482
Invesco,3.7,483
Aparna Enterprises,3.9,483
Sri Krishna Pharmaceuticals,4.0,483
Saud Bahwan Group,3.6,482
Signature Global,3.9,483
Cadbury,4.3,481
Quinnox,3.9,481
Flowserve,3.8,481
Siemens Healthineers,3.9,481
Otsuka Pharmaceutical India Private Limited,4.1,481
National Commodities Management Services,4.1,481
Athenahealth Technology,4.1,481
Ascent Business Solutions,3.3,481
MediBuddy,3.3,482
SUEZ Group,4.2,481
Ppap Automotive,3.7,481
Orcapod Consulting Services,3.1,480
Grindwell Norton,3.5,480
National Australia Bank,2.9,480
Plastic Omnium,3.7,480
Vishvaraj Environment,4.0,479
Cosmo Films,3.7,478
L. N. Malviya Infra Projects Group,3.1,478
Central Public Works Department,4.1,478
Bridgestone India Automotive Products,4.1,478
LogixHealth,3.4,478
Jiva Ayurvedic Pharmacy,3.8,478
iNurture Education Solutions,2.5,478
Walkaroo International,3.6,499
Gilbarco Veeder Root,3.8,477
KRBL Limited,3.8,477
Riya Travel,3.6,477
Lite Bite Foods,4.4,478
Leighton Contractors,4.1,477
Kellton,3.0,476
Akamai Technologies,4.4,476
Alpla,3.9,476
Symbiotec Pharmalab,4.0,475
MathCo,3.0,475
Giesecke & Devrient,3.4,475
Visa,3.3,475
ASM Technologies,3.5,476
Matrix Business Services,3.5,474
EID Parry (India),3.9,475
Teradata,3.6,474
Namaste India Foods,3.9,474
Buzzworks Business Services,3.7,473
Prime Focus Technologies,3.1,473
Westin,4.1,473
Bluestone.com,3.4,472
Knowledgeworks Global,3.0,472
Keysight Technologies,3.8,472
Tetra Pak,4.1,473
Suzlon Global Services,3.8,472
Thought Focus,3.3,472
Magneti Marelli Motherson Auto System,3.8,471
Fynd,3.0,472
Onshore Construction,3.7,471
Saudi Binladin Group,4.2,471
McNally Bharat Engineering,4.0,471
Allana Group of Companies,3.8,471
Protium Finance,3.8,472
Ramco Industries,4.1,470
India Glycols,3.9,470
Vindhya e-Info Media,3.4,471
Oriental Structural Engineers,4.3,470
Shalimar Paints,3.5,470
Star Bazaar,3.8,469
Clove Dental,4.1,469
Mikuni,4.1,470
AIG Hospital,4.2,469
Qcon,4.4,468
Sany Heavy Industry,3.7,468
Jumbotail Technologies,3.7,468
Bahwan Engineering,4.0,469
Bahwan Engineering,4.0,469
NBTC GROUP,3.2,468
Xanadu,3.7,467
Honda Logistics,3.6,467
Technico Industries,3.5,467
ESDS Software Solutions,3.3,468
Bhilosa Industries,3.7,467
Saxo Bank,3.7,466
Iol Chemicals & Pharmaceuticals,3.8,466
CollegeDekho,2.8,467
Brainvire,2.9,466
Sayaji Hotels,4.2,466
Marble Box,3.7,466
Liberty General Insurance,3.7,465
Samsung Display,3.9,466
Gulf Oil Lubricants,4.0,465
Allied Blenders & Distillers,4.0,465
British Council,3.5,464
Jindal Aluminium,3.9,465
Avery Dennison,3.7,464
Avery Dennison,3.7,464
Aludecor Lamination,3.9,464
Equiniti,3.6,466
Greenpanel Industries,4.0,464
Essjay Ericsson,4.2,463
Meghmani Organics,3.7,463
MagicPin,2.5,463
Symphony,4.6,463
Cloud4C,3.5,463
Tata International,3.4,463
Paradeep Phosphates,3.9,463
Godrej Interio,3.8,464
NKG Infrastructure,3.2,463
smartData Enterprises,3.0,463
Atyati Technologies,4.0,463
Dana India,4.0,462
Landis+Gyr,2.9,462
SBI Mutual Fund,3.8,462
PC Solutions,4.1,462
Common Service Centres,4.4,463
GHCL Limited,3.9,462
Nash Industries,3.5,462
Revent Group,3.8,462
RND Softech,3.0,461
Encube Ethicals,3.7,461
Thales,3.6,461
Anthem Biosciences,3.9,461
Mediterranean Shipping Company,4.0,461
Sulekha.com,3.3,461
Moon Beverages,3.9,460
CommScope,3.8,460
Novotel Hotels,4.0,460
Cera Sanitaryware,4.1,460
Numeric UPS,4.0,471
Visaka Industries,3.8,459
GM Modular,3.8,459
Venky's,3.7,459
ZF Friedrichshafen,3.8,458
Del Monte Foods,4.1,458
Aimil Pharmaceuticals,3.6,458
Comcast,3.9,458
WM Universal Solutions Private Limited,3.6,457
Subex,3.4,456
Torrent Gas,3.1,455
Seoyon E-hwa Automotive,3.5,455
Realty Assistant,3.7,455
Mediamint,2.8,456
Texmaco Rail and Engineering,3.8,455
Sahyadri Hospital,4.2,455
Almarai,4.2,455
Loadshare Networks,3.6,455
Vijai Electricals,3.6,454
Prism Cement,4.0,454
Dharampal Premchand,4.3,454
ITI,3.6,454
Flamingo Pharmaceuticals,3.2,454
Indofil Industries,4.1,454
Kiswok Industries,3.3,455
Yethi Consulting,3.4,454
Hyundai Glovis,3.8,453
Railtel Corporation Of India,3.6,453
Yethi Consulting,3.4,454
Aditya Birla Housing Finance,3.8,453
Hyundai Glovis,3.8,453
Jupiter Hospital,3.9,453
ByteDance,4.0,453
TriGeo Technologies,3.2,452
CS TECH Ai,4.0,452
Stovekraft,4.0,453
Bandhan Life,3.2,452
LuLu Group International,3.4,452
OLX Autos,3.9,451
Kyungshin Industrial Motherson,3.3,451
Henkel Adhesives Technologies,4.1,451
Pratham Education Foundation,4.1,451
Kaynes Technology,3.3,450
Prodair Air Products,3.6,450
Stryker,3.9,451
RPG Life Sciences,3.7,450
Realme,3.7,450
Realme,3.7,450
SISL Infotech,3.5,449
Kolte Patil Developers,4.0,449
Bharat Bijlee,4.2,449
Red Hat,4.3,449
Synopsys,3.6,448
Orient Craft,3.8,448
B. Braun Medical,4.1,448
Miracle Software Systems,3.8,448
Balmer Lawrie,3.6,448
JNS Instruments,3.9,448
Portea Medical,3.8,447
AIRBUS,3.6,447
St. Xavier's High School,3.7,447
Usha Martin,4.0,447
Mahle Anand Thermal Systems,4.1,447
Clix Capital Services,4.0,447
Puravankara,3.5,448
Karvy Data Management,3.3,446
Yusen Logistics,4.0,446
Bharat Seats,3.7,446
Corona Remedies,4.2,446
Eurokids,4.0,446
Paper Boat(Hector Beverages Pvt. Ltd.),3.9,446
Yusen Logistics,4.0,446
Toyota,4.2,446
Purplle.com,3.6,446
TresVista,2.4,445
Grant Thornton Bharat,3.5,446
Titagarh Rail Systems,2.7,446
Kaya Skin Clinic,3.6,445
SMEC,3.6,445
BSCPL Infrastructure,3.9,444
Gokaldas Exports,3.9,444
NR Switch N Radio Services,3.8,444
Caresoft Global,3.3,444
In Time Tec Visionsoft,3.4,444
Reliance Infrastructure,4.1,444
Ciena,4.0,444
GS Lab,3.7,444
Pocket FM,2.7,443
Honour Lab,3.9,443
T.v. Sundram Iyengar & Sons,3.9,443
Sterling Tools,3.9,443
SPAR Hypermarkets,3.9,443
Espire Infolabs,2.5,442
CodeClouds,4.0,442
AVAYA,3.2,443
Majesco,3.0,442
Infovision,3.5,441
Rapido,3.5,441
Head Field Solutions,4.1,441
Gaurs Group,4.2,441
NetApp,3.7,443
Ashapura Group Of Industries,4.1,441
Kataria Automobiles,3.6,441
Speridian Technologies,3.3,440
Brembo Brake India,4.1,440
Fuji Electric,3.6,440
FabHotels,3.2,440
DB Power Limited,4.7,439
NTPC GE Power Services,3.9,439
ELGI Equipments,4.1,439
LT Foods,3.9,439
Ergode IT Services,3.2,440
SABIC,4.1,438
H & R Johnson,3.5,438
Nuvama Wealth and Investment,3.3,437
Self Practice,4.4,437
Birla White,4.1,437
DesignTech Systems,3.4,437
Go Colors,3.9,437
Confidence Petroleum India,3.0,437
Zscaler Softech,3.3,437
Infotact Solutions,4.4,437
Infosys Consulting,3.4,437
K D Hospital,4.5,436
Montecarlo Construction,4.1,436
Nagarjuna Fertilizers and Chemicals,4.1,436
Indian Immunologicals,4.2,436
Orion Innovation,3.5,436
Allegis Group,3.5,436
SoftwareOne,3.7,435
Tao Digital,3.6,437
SBI Capital Markets,3.6,435
Mjunction Services,3.9,435
Flipkart Health+,3.5,435
Transasia Bio-Medicals,3.3,435
PULSUS HealthTech Group,3.2,435
TruBridge Healthcare Private Limited,4.0,435
Aptech,3.3,435
Aker Solutions,4.0,434
Anunta Technology Management Services,3.4,434
Deluxe Entertainment,3.5,434
IL&FS Engineering and Construction,4.5,434
Bengal Beverages,3.1,434
Knack RCM,3.1,434
Freecharge,3.7,433
Neilsoft,3.1,433
Kothari Agritech,4.2,433
Kothari Agritech,4.2,433
Freecharge,3.7,433
Alankit,3.2,433
Avalara Technologies,3.0,433
ZTE Corporation,4.0,432
Meyer Organics,3.7,433
Ozone Overseas,3.9,432
Reshamandi,3.5,431
Midland Microfin Limited,3.5,432
GTL Infrastructure,4.1,431
Tata Steel Downstream Products,3.7,431
Sunwoda Electronic India Pvt Ltd,3.9,431
Dee Piping System,4.1,432
AQM Technologies,3.2,432
360 Realtors,3.5,430
IndusInd Capital,3.9,430
Polestar Analytics,4.1,430
Welspun Transformation Services Limited,3.9,430
Bhagwati Products,3.6,430
Mashreq Global Services,3.1,430
Powerweave,3.3,430
Rieter,3.5,430
Cimpress,3.8,431
Godrej Jersey,4.1,431
Capital Foods,4.2,429
TotalEnergies,3.8,429
Cipla Health,4.1,429
ARMSOFTECH.AIR,3.3,428
Konexions Back Office Services,2.7,428
Mungi Group,3.9,427
Rakuten Symphony,3.5,427
Le Méridien,4.2,427
Paynearby Technologies,4.0,427
IIMI Image Management Private Limited,4.1,427
Ind-Swift Laboratories,3.9,427
Dun & Bradstreet,3.0,428
Flatworld Solutions,3.4,427
CWT,3.4,426
Kutchina,3.4,426
ABCI Infrastructures,3.4,426
Nexteer Automotive,3.8,426
NOON.COM,3.3,426
Ami Lifesciences,3.8,427
Honeywell International India,4.0,426
Chettinad Cements,3.9,426
Paytm Payments Services,3.2,425
Educomp Solutions,3.7,425
The Indian Hotels Company,4.1,425
Mazagon Dock,4.2,425
Western Union,2.8,425
LKQ INDIA,3.4,425
Bonfiglioli Transmissions Limited,3.6,424
Tyger Capital,4.0,424
KLAY Preschool and Daycare,3.6,424
Bada Business,3.7,431
Fossil Group,3.8,425
Tata Steel Utilities and Infrastructure Services,3.6,424
Mahindra Lifespace Developers,4.1,424
Entrata,3.8,423
Calsoft,2.7,423
Intercontinental Exchange,3.1,423
Ramada,3.9,424
Talbros,3.8,423
Premium Transmission,3.4,422
Samsung C&T,4.2,422
Lambda Therapeutic Research,3.9,422
InfoBeans,3.3,422
Theobroma Foods,3.9,422
Tata BlueScope Steel,3.7,422
Vcare Trichology,3.6,421
Citykart Retail,3.7,421
Medica Superspecialty Hospital,3.8,421
Impact Guru,3.6,421
NIFTEL COMMUNICATIONS,3.8,420
Freyr Solutions,3.7,420
RSWM Limited,4.1,419
UNIVO Education,3.4,419
National Organic Chemical Industries,3.8,419
OnePlus,3.6,419
Dodsal Engineering & Construction,4.5,419
Chambal Fertilisers And Chemicals,3.8,419
FM LOGISTIC,4.0,419
OnePlus,3.6,419
Siyaram Silk Mills,4.0,420
Flipkart Wholesale,3.8,419
B.C. Jindal Group of Companies,3.9,419
Ingersoll Rand,3.8,418
Secure Value,3.3,418
Adani Logistics,3.7,419
Yutika Natural,3.4,418
Eurofins It Solutions,3.0,419
Baramati Agro,3.8,417
Arvind Fashions,3.9,418
Fitelo,3.3,417
Nous Infosystems,3.5,417
National Bulk Handling Corporation,4.1,417
Asian Granito India,3.5,418
A. O. Smith India Water Products Private Limited,3.7,417
Clean Harbors,3.4,417
Tally Solutions,4.0,416
Indian Political Action Committee,2.9,416
Aculife Healthcare,3.0,417
Carrier Midea,3.6,416
YKK,3.8,416
IMS People,3.5,416
Tessolve,3.3,417
Tally Solutions,4.0,416
Prolifics Corporation,3.6,416
Bmm Ispat,3.9,416
e2open,3.5,417
Mann And Hummel Filter,3.9,415
Spoton Logistics,4.4,415
India Nippon Electricals,3.8,415
Pole To Win,3.3,415
Haldia Petrochemicals,3.8,416
Tagros Chemicals,3.6,415
Silver Touch Technologies,3.1,414
Capital Trust,3.3,415
Nettur Technical Training Foundation,3.6,414
Magus Customer Dialog,3.7,414
Ensono,4.1,414
State Street Bank,3.5,415
Capital Trust,3.3,415
Havmor Ice Cream,4.1,413
Imarticus Learning,3.9,413
MyMoneyMantra,3.1,413
Indian Institute of Technology Gandhinagar,4.2,413
Jyoti CNC Automation,3.9,413
Spice Money,4.1,413
Marksans Pharma,3.4,413
International Automotive Components,3.9,412
Groupon,3.2,412
Systems Plus,4.2,412
Novartis Healthcare,4.1,412
Aka Logistics,3.2,412
TTK Healthcare,4.1,412
NeoGrowth Credit,3.1,412
Samsonite,4.1,411
DataMetica,3.2,411
ArisGlobal,2.8,411
Lotte India Corporation,4.0,411
DataMetica,3.2,411
Samsonite,4.1,411
Hero Housing Finance,3.9,411
Aramex,3.3,410
TCL,4.1,410
Qwik Supply Chain,3.8,410
Agro Tech Foods,4.0,410
CogentHubCX.AI,3.3,410
Astra Microwave Products,3.9,410
Black Knight,3.5,410
Buhler,3.8,411
Nidec Corporation,3.7,410
Axis Finance,3.7,410
Bangalore International Airport,4.3,409
Pon Pure Chemical,3.5,409
Vision India Services,3.9,408
Apex Laboratories,3.9,409
Zealous Services,2.8,408
Shiprocket Private Limited,3.4,408
Recpdcl.ltd,4.0,408
Thrillophilia,3.6,408
Essar Group,3.6,408
PC Jewellers,3.8,408
Win Medicare,4.2,408
Larsen & Toubro Group,4.1,407
Fortis Escorts Hospital,4.3,407
Metrochem Api,3.1,407
Shyam Sel & Power,3.7,407
Uniparts Group,3.6,407
HealthKart,3.8,407
Roca Bathroom Products,3.7,407
Saama Technologies,3.7,407
Skillmine Technology Consulting,3.9,410
Desun Hospital & Heart Institute,3.8,407
L&T Heavy Engineering,3.8,406
Franchise India Brands,3.1,407
AppInventiv Technologies,3.9,406
Equifax,3.8,407
Al Turki Enterprises,3.5,406
AppInventiv Technologies,3.9,406
Indian Space Research Organisation,4.6,406
Venus Remedies,4.2,406
ABC Consultants,3.9,405
Bonace Engineers,4.0,405
Roop Automotives,4.2,405
Schoolnet India,4.0,408
SHARE Microfin,4.2,404
myGate,2.9,404
Indus Net Technologies,3.1,404
Sagar Cements,4.3,405
Virchow Biotech,3.4,404
Oberoi Realty,4.2,404
GRT Jewellers,4.1,404
Onsitego,3.7,404
P.D. Hinduja National Hospital and Medical Research Centre,3.8,404
Rama Medical College Hospital & Research Centre,3.9,404
Ashiana Housing,4.0,403
ANR Software Private Limited,4.1,403
Hexagon Nutrition,4.1,403
Nowfloats Technologies,3.5,410
ITC Limited - Paperboards Specialty Papers Division,3.9,403
Tutopia,4.5,406
Echobooom Management & Entrepreneurial Solutions,3.7,403
Ashiana Housing,4.0,403
ANR Software Private Limited,4.1,403
Owens Corning,3.6,403
Global Indian International School,4.2,402
Universal Corporation,3.7,402
Eversendai,3.6,402
Viva Composite Panel,4.5,401
Invensis Technologies,3.6,401
Samsung SDS,3.0,401
Pearson Education India,3.9,401
ICFAI University,3.6,401
RCM,4.2,395
V-Xpress,3.9,401
Gravita,4.4,400
Accel Frontline,4.3,400
Venkateshwara Hatcheries,3.8,400
Motilal Oswal Private Wealth Management,4.5,411
Oda Class,3.0,398
Bank of Maharashtra,3.2,399
Ipsos,3.2,399
Piramal Swasthya,4.0,399
BPTP,4.2,399
Raptakos Brett and Company,3.4,399
Core Integra Consulting Services,3.4,399
Kanpur Fertilizers & Chemicals,3.6,399
Stanley Black & Decker,3.7,398
Gtpl Hathway,3.9,398
ClearTax,3.0,398
Uplers,3.7,399
Himatsingka Seide,3.5,398
Webkul Software,3.8,398
Copeland,3.9,397
Connectwise India,3.4,397
Accelya Solutions India Limited,3.4,397
Indigo Paints,3.8,397
MAYORA,3.9,397
HYT Engineering Company Pvt Ltd,3.2,397
Kailash Hospital,3.9,397
Welspun Flooring,3.8,397
Jubilant Biosys,3.6,396
V-bazaar Retail,4.0,396
Karvy DigiKonnect,3.1,396
SirionLabs,3.7,397
House of EdTech,4.2,394
Greet Technologies,2.6,396
Ess Kay Fincorp,4.1,396
GE Vernova T&D India,4.1,396
Unilever Global,3.6,396
Broadcom,3.3,395
Starbucks,4.1,395
M Baazar,3.9,404
STUDDS Accessories Limited,3.9,395
Willis Towers Watson,3.7,395
Amri Hospital,4.0,395
National Fertilizers,4.4,395
Federal Mogul Goetze,4.0,395
Azentio,3.1,395
Federal Mogul Goetze,4.0,395
Sunstone,3.7,395
Indian Overseas Bank,3.3,394
Munjal Showa,3.2,394
Scientific Publishing Services,3.7,394
Bses Yamuna Power,3.7,394
Mymd Healthcare,4.1,395
Merck,4.0,395
IDS Infotech,2.9,396
Manhattan Associates,3.4,394
Gold Plus Glass,3.5,395
PGP Glass,4.0,403
Daimler Truck,3.6,394
NCSI Technologies Pvt Ltd,3.7,394
American Axle & Manufacturing,4.3,393
Mahindra Last Mile Mobility,3.7,394
RDC Concrete (India),4.0,393
Tirumala Milk Products,4.2,393
Hanon Systems,4.0,393
Supertech,4.0,393
SML Isuzu,4.2,393
Enphase Energy,2.6,393
VRB Consumer Products Private Limited,4.2,393
The Phoenix Mills,3.8,392
Motherhood Hospital,3.6,393
SKH Y-TEC,3.9,392
Hajee A P Bava Construction,3.8,392
Christian Medical College,4.1,391
Kcc Buildcon,3.9,391
Mantra Properties,4.3,391
UCAL Fuel Systems,3.9,391
Flyjac Logistics,4.0,391
PowerSchool India,3.4,391
Icertis,3.2,391
MRF Vapocure Paints,4.0,391
Bharat Aluminium Company (BALCO),4.1,390
CES,3.4,390
AccorHotels,4.3,389
Balaji Wafers,4.4,389
Balaji Wafers,4.4,389
AccorHotels,4.3,389
Tekion,2.9,389
Transact Global,4.7,389
Glaze Trading India,4.3,388
Burns & McDonnell,4.1,388
Park Hospital,3.7,388
Publicis,3.6,388
D.p. Jain & Co. Infrastructure Pvt .,3.1,388
Indiafilings,3.9,388
Vidal Health Tpa,3.4,388
TVS Mobility,4.0,388
JBS Enterprises,3.1,388
ZUCOL Services,3.7,401
Hindustan Foods,3.6,387
Cheil India,2.9,387
Nyati Group,4.2,387
VIT University,4.0,386
Triumphant Institute of Management Education,3.7,386
Healthcare At Home,3.7,386
Triumphant Institute of Management Education,3.7,386
VIT University,4.0,386
XL Health,4.2,386
Netlink Software,3.3,385
Sleek International,3.5,385
Moolchand Hospital,4.2,385
Group Bayport,4.1,386
Arjas Steel,3.9,385
Konecranes,3.8,385
GMR Hyderabad International Airport,4.0,385
Mettler-Toledo,3.5,385
Joyalukkas,3.8,385
Hexagon Capability Center,4.0,385
GSP Crop Science,4.0,384
Bosch Rexroth India,3.9,384
Cooper Corporation,4.0,384
Sangeetha Mobile,3.5,384
Evoke Technologies,3.6,385
ABM Knowledgeware,3.7,384
SPRINKLR,2.9,384
Sangeetha Mobile,3.5,384
Haleon,3.6,384
The Hans Foundation,4.2,383
Nissan,3.5,383
Kennametal,3.5,383
Alfanar,4.0,383
Dixit Infotech Services,3.7,383
Air Liquide,3.7,383
Zaalima Development,4.2,385
Jamna Auto Industries,3.9,383
Kaddacon Systems,4.6,382
Jeeves Consumer Services,3.6,382
BCH Electric,4.0,382
Nuziveedu Seeds,3.9,382
Coronis Health,3.4,382
Adroit Synergies,3.3,382
Examity,3.3,383
Sumitomo Chemical,4.0,381
Parksons Packaging,4.1,381
Workcell Solutions,3.6,382
Repco Home Finance,3.5,381
PropTiger.com,3.8,381
Vectus Industries,4.1,381
Kuehne + Nagel,3.6,381
CANTABIL RETAIL INDIA,4.0,382
Srei Equipment Finance,4.2,381
Xdbs,2.7,381
Dorf Ketal Chemicals,4.0,381
Mindlance,3.6,381
Grey Orange,3.0,381
Dynacons Systems & Solutions,3.7,381
Dimension Data,4.5,381
SRM University,3.5,380
S. M. Auto Engineering,3.4,380
Kirloskar Toyota Textile Machinery,4.6,380
Mintifi,3.5,380
Grand Hyatt,4.2,380
Merck Life Science,4.0,380
Statusneo,3.8,380
World Vision,4.2,380
LeadSquared,2.7,379
Auro Realty Private Limited,4.3,379
Teamspace Financial Services,3.9,379
Bajaj Auto Credit,4.0,379
Rosmerta Technologies,3.4,379
AgreeYa Solutions,3.3,379
CMA CGM Global Business Services,4.0,379
Agilent Technologies,4.0,379
Alfa Laval,3.9,379
Bharat Rasayan,4.0,379
Wellness Forever Lifestyle Chemist,3.9,379
Runwal Group,3.9,379
S2 Infotech,3.5,378
Diverse Lynx,3.5,379
Karamtara Engineering Limited,3.7,378
Thyssenkrupp Industrial Solutions,4.1,378
AQuity Solutions India,3.7,377
Eisai Pharmaceuticals,4.0,377
Thermax Babcock Wilcox Energy Solutions,4.1,377
Indraprastha Gas,3.8,378
Berkadia,3.8,377
US Tech Solutions,3.6,376
Muthoot Housing Finance Company,4.1,376
Call 2 Connect,2.6,376
Elentec Power India (EPI) Pvt. Ltd.,3.9,376
Ryan,3.9,376
Duroshox,4.2,375
Acme Generics LLP,3.5,377
Heavy Engineering Industries & Shipbuilding,3.9,375
Methodex,3.7,375
Mobileum,3.3,375
Acadecraft,3.0,375
Karvy Innotech,2.9,375
VTP Realty,3.5,374
Foundit,3.2,374
Moser Baer,3.9,374
KaaShiv InfoTech Company,4.9,374
Neuberg Diagnostics,3.4,374
Intercontinental Consultants & Technocrats,4.1,374
Hike Education Private Limited,4.2,375
G. D. Foods MFG (TOPS),3.8,374
Labournet Services,3.9,374
Helloverify,2.9,374
Expedia Group,3.7,373
Intelliswift - An LTTS Company,3.3,373
TrueBlue,3.6,374
Everest Spices,3.8,373
Kores,3.7,373
Watertec India,3.8,373
Adani Infra,3.8,374
MCM Telecom Equipment,3.8,373
Paragon Footwear,4.0,373
Krishna Group,4.0,373
Fosroc India,4.3,374
ANTOLIN,3.7,372
Enterprise Growth Accelerator,3.5,372
Polybond India,3.8,372
JUSTO Realfintech,4.5,372
IPE Global,3.8,371
Richa Global Export,4.0,372
Hathi Cement,4.0,369
Descon Engineering,4.0,371
Elecon Engineering,4.2,371
Rail Vikas Nigam,3.5,371
Arcesium,3.4,371
Europa Locks,3.6,371
Nobel Hygiene,3.7,371
SMS India Private Limited,4.1,371
Sharda University,3.6,370
Toshiba JSW Power Systems,4.2,370
Agarwal Packers and Movers Limited,3.4,370
Mahendra’s Institute,3.1,370
Shakti Pumps,3.7,370
The Hershey Company,4.0,370
OodlesTechnologies,3.3,371
Zara,3.4,369
Jade Global,3.4,369
Andromeda Sales ans Distribution PVT LTD,3.2,369
Smartworks,3.4,369
Huron,3.7,369
Smartworks,3.4,369
Siemens Healthcare,4.1,369
Milkbasket,3.8,369
Teachnook,2.8,369
Sandvik Mining and Rock Technology,4.1,369
Maxxis Rubber,3.4,369
Department of Agriculture,4.3,368
HBL Global,4.3,368
Trident Hotels,4.0,368
Aquasub Engineering,3.8,367
Hilex,3.8,367
Técnicas Reunidas,3.9,367
Grihum Housing Finance,3.7,631
Wildcraft,3.7,367
Hyundai Engineering and Construction,4.3,367
Satyam Venture Engineering Services,3.3,367
Tata Toyo Radiator,3.7,367
Synokem Pharmaceuticals,3.9,367
Epsilon Carbon,3.8,367
Caparo Maruti,4.2,366
Bss Microfinance,3.7,366
MSCI,3.7,366
Pharmarack Technologies,3.5,366
Sedemac Mechatronics,3.9,366
SYSTRA,4.0,366
Caparo Maruti,4.2,366
TCG Lifesciences,4.0,366
Johnson Controls Hitachi Air Conditioning,3.7,366
Cedcoss Technologies,3.0,365
SMFG India Home Finance Co,3.7,396
EXEDY,3.8,365
Veeda Clinical Research,3.4,365
Sri Aurobindo Society,4.1,365
Ambuja Neotia,3.9,365
Gps Renewables,4.1,365
Yellow Diamond,4.1,365
Udaan India - The Original Visa Company,4.3,364
RedBus,4.0,364
NTT Global Data Centers and Cloud Infrastructure,3.9,364
Civica India,3.1,364
Suzuki,3.8,364
ITSource Technologies,2.8,364
NTT Global Data Centers and Cloud Infrastructure,3.9,364
RedBus,4.0,364
Civica India,3.1,364
Sunflag Iron and Steel,3.8,363
Cashpor Micro Credit,3.5,363
SRMB SRIJAN,3.6,363
Birla Cement,4.1,363
Centre For Sight,3.8,363
Servion Global Solutions,3.2,363
Marelli Motherson Automotive Lighting,3.6,363
Priya Cement,4.1,363
K L University,3.8,363
Jawahar Navodaya Vidyalaya,4.4,362
Evolent Health International,3.9,362
Medline Industries India Private Limited,3.8,362
Watchyourhealth.com,4.6,362
Amoli Organics,3.8,362
Capital Small Finance Bank,3.7,362
Planetcast,3.7,362
Subway,4.2,360
Rahee Group,4.0,361
T&M Services consulting,3.7,362
Bliss Gvs Pharma,4.0,361
People Group,3.4,361
GGS Information Services,3.8,361
Concord Biotech,3.7,361
SiliconIndia,2.7,361
Tega Industries,3.7,361
Time Technoplast,3.8,361
Sj Contracts,4.2,360
Offshoot Agency,3.4,360
Toshiba Transmission & Distribution Systems,4.0,360
Pranav Vikas India Private Limited,3.8,360
Berar Finance,3.5,360
Tata Digital,2.4,360
Hollister Medical,4.0,360
CapeStart,4.5,360
Vedant Fashions,4.2,359
Transguard Group,3.9,360
Rainbow Hospital,3.7,359
Indifi Technologies,3.6,359
NCCCL,3.4,359
Kokuyo Camlin,3.8,359
Endava,3.5,359
Rubicon Research,3.5,359
Slice,3.2,359
Navi Technologies,3.0,360
Hays Business Solutions,3.3,358
Tribhovandas Bhimji Zaveri,4.0,358
Schaeffer & Sam,3.3,358
The Belgian Waffle co,4.5,363
Treebo Hotels,3.2,358
Ssipl Lifestyle,4.1,358
Adarsh Credit Co-Operative Society,4.4,358
Bellsonica Auto Component,3.9,359
Audi,3.7,358
Holcim,3.5,357
Ample Technologies,3.7,357
Audi,3.7,358
Holcim,3.5,357
Ample Technologies,3.7,357
Awign Enterprises,3.7,357
Aarti Drugs,3.5,357
Wipro GE Health Care,4.0,357
Apcer Life Sciences,3.5,357
Wagh Bakri Tea Group,4.2,357
Hitachi Hi-Rel Power Electronics,3.7,356
Utkarsh India,3.7,356
Hitachi Vantara,3.5,356
Apmosys Technologies,3.2,356
Pegasystems,3.6,356
SATTVA,4.2,356
Ryan International School,3.2,356
Captain Steel India Limited,3.8,356
Actalent Services,3.7,356
Uneecops Technologies,3.7,355
Vini Cosmetics,3.9,355
SEIL Energy India,4.0,355
Emami Paper Mills,4.2,355
Data-Core Systems,3.0,355
DotPe,3.1,355
TRL Krosaki Refractories,3.8,355
N Ranga Rao And Sons,3.9,354
Capri Global Housing Finance,3.4,354
Eclat Health Solutions,3.8,354
Lalitha Jewellery,4.0,355
Ventura Securities,4.0,354
Medall Healthcare,3.6,354
Health India Tpa Services,3.2,354
Lumino Industries,3.8,354
Gujarat Alkalies & Chemicals,4.6,354
Ben Franklin Opticians,3.9,354
New Opportunity Consultancy,4.1,353
Vaibhav Global,3.1,353
Mitra SK,3.9,353
MAHLE Behr India,3.6,353
Mobiloitte Technologies,3.0,353
Yamaha Motor India Sales,4.1,353
Syncfusion,3.4,353
Debtcare Enterprises,4.3,353
Dorset Industries,4.4,353
The Park Hotels,3.9,353
Jumio,3.8,352
Carraro,4.0,352
Qentelli,3.7,353
DEN Networks,3.8,352
Harjai Computers,3.2,352
Lauritz Knudsen Electrical & Automation,4.2,361
VST Industries,3.7,351
OneSource Specialty Pharma Limited,3.7,352
Brick&Bolt,3.5,351
Seth M R Jaipuria School,3.6,351
Deenanath Mangeshkar Hospital,3.8,350
Vijay Nirman Company,3.6,350
Gupta Power Infrastructure,3.0,350
INOX Air Products,4.0,350
Technocon Services,3.3,350
RSM US in India,3.5,350
Vatika Group,4.1,349
B S R & Co Llp,3.1,349
Akumentis Healthcare,3.3,349
Al Tasnim Enterprises,3.5,349
Netcore Cloud Private Limited,4.2,349
Windlas Biotech,3.9,349
Godrej Infotech,3.7,349
McNROE,3.8,348
Nabard Financial Services,4.1,348
NU Vista,4.2,348
TMF Group,3.7,348
Yalamanchili Software Exports,3.2,348
RNFI Services,3.2,348
Duroflex,4.0,348
Mitsubishi Electric Automotive India,4.4,348
Borosil Glass Works,3.7,347
Hical Technologies,3.6,347
National Highways Authority of India,3.9,347
RWS Group,3.7,348
Protiviti India Member,2.7,347
Control Print,4.2,347
Jaypee Cement,4.0,347
TCI Supply Chain Solutions,4.0,347
Adient,4.0,346
Prem Motors,3.7,346
Sekisui Dljm Molding,3.9,346
Lam Research,3.8,348
ShopKirana,3.9,346
EPIQ Systems,3.4,347
RV Solutions,3.7,346
Teleysia Networks,3.4,345
L&T Defence,3.7,345
Swiss Re,3.8,345
Eaton India Innovation Center,3.7,345
Yara Fertilisers,3.8,345
METRO Global Solutions Center,3.4,346
Asti Electronics India,4.1,345
Jay Chemical Industries,4.1,345
Woodenstreet.com,3.4,345
e-Zest,3.9,345
Ultra Corpotech,4.0,345
Shiash Info Solutions,3.0,345
Synergies Castings,3.9,344
Zuari Cement,4.3,344
Zydex Industries,3.9,344
L&T Valves,3.7,344
Hygienic Research Institute,3.8,344
Country Holidays Inn & Suites,4.2,344
Arabian Industries,3.8,344
Orchid Pharma,3.7,344
A-1 Fence Products,4.0,344
Stellar Innovations,3.4,344
Gtpl Broadband,3.8,343
Parul University,3.3,343
Cotmac Electronics,3.7,343
Council of Scientific and Industrial Research,4.1,343
Recipharm Pharmaservices,3.8,343
QUADRANT TECHNOLOGIES INDIA PRIVATE LIMITED,3.7,344
Computacenter,3.9,344
Halonix Technologies,3.8,343
Roquette Riddhi Siddhi,4.0,344
Council of Scientific and Industrial Research,4.1,343
R.K.M Powergen,4.0,343
Hindustan Syringes & Medical Devices,4.0,342
Sri Sri Tattva,3.5,342
AIMLAY,4.6,342
Kerala State Electricity Board,4.1,342
Choice Consultancy Services,3.6,342
Mars,3.7,341
Evelyn Learning Systems,3.9,341
ADNOC,4.3,341
Worldline,3.7,341
Lloyds Metals And Energy,3.8,341
ACB (India),3.7,341
Autocomp Corporation Panse,3.6,341
Shaadi.com,3.5,341
MYCPE ONE,3.9,341
SBI Payment Services,4.0,341
Groww,3.6,341
MapmyIndia,3.5,341
Groww,3.6,341
Rashtriya Chemicals and Fertilizers,4.4,340
DISYS,3.1,340
Mahindra Insurance Brokers,3.3,340
International Game Technology,3.2,340
NXP Semiconductors,3.6,340
Stefanini,2.7,340
Phenom,3.4,340
Savista Global Solutions,4.1,340
M K Agrotech Private Limited,4.5,340
R&R Limousine And Bus,4.0,340
Kyndal India,3.7,340
Adama,4.0,340
CESC,3.7,340
Oceaneering International,4.0,340
Ircon International,4.0,340
Globtier Infotech Limited,3.3,341
63 Moons Technologies,3.7,340
DCM Shriram Industries,4.1,340
JSW One Platforms,2.9,340
Sequel Logistics,4.0,340
Rithwik Projects,3.9,341
Infocepts Technologies,3.5,341
GTPL-KCBPL,4.0,339
Delhi Metro Rail Corporation,4.2,339
MNC Group,4.1,339
TMEIC,3.8,339
Urban Ladder,3.6,339
Sakthi Auto Components,3.1,339
MSP Steel & Power,3.9,339
Padmini VNA Mechatronics,3.9,338
Muthoot Capital Services,3.6,338
HL Mando,4.0,338
Kushal's Fashion Jewellery,4.4,338
Shah Technical Consultants,3.6,338
Somic ZF Components,4.2,338
Fluper,3.9,338
Network 18,3.5,338
Sata Vikas India,3.5,338
WPP,2.9,338
WPP,2.9,338
SMC Corporation,3.8,338
Cygnet Infotech,3.3,338
eMudhra,3.4,339
Khimji Ramdas,3.7,337
Nutricia,3.4,337
Theme Engineering Services,3.7,337
AceMicromatic Group,4.2,337
Vascon Engineers,3.8,338
Jaguar Security Services,4.5,337
Technicolor,3.5,337
IIC Technologies,3.5,337
Arzooo.com,2.6,327
Bain & Company,3.7,338
Kraft Heinz Company,2.9,336
Valvoline Cummins,3.9,336
Light Microfinance,3.8,336
Zebronics,3.8,336
Trane Technologies,3.9,336
InfodriveIndia,4.1,336
Escon Elevators,3.7,336
Avantor,3.7,336
Essilor,4.0,335
CKA Birla Group,4.1,335
Omnicom Global Solutions,3.2,335
Zf Wind Power,4.1,335
Red Health,3.5,335
Satin Finserv,3.9,335
Multiplier Brand Solutions,3.6,342
Silverlink Technologies,3.9,336
Rao IIT Academy,3.5,334
6D Technologies,2.9,334
Festo,3.8,334
"Ministry Of Health, New Delhi",3.9,334
Bal Pharma,3.3,334
Halliburton,3.6,334
Oil India,4.3,334
UNext,3.0,334
Zet Town,3.3,334
Dentsu Aegis Network,3.1,333
Sub-K IMPACT Solutions,4.1,333
People Prime Worldwide,4.1,333
Learning Routes,4.5,333
Dentsu Aegis Network,3.1,333
Indchemie Health Specialities,3.8,333
Jtekt Sona Automotive India,4.1,333
VXI Global Solutions,3.4,333
SOPAN,4.0,333
Gufic Biosciences,3.2,333
Biz 2 Credit Info Services,3.4,333
Coding Ninjas,3.6,334
IndusInd Securities,3.7,332
Integrated Wireless Solutions,3.7,332
MTR Foods,3.9,332
Bluechip Corporate Investment Centre,3.6,332
Agility,4.0,332
Ceat Specialty Tyres,3.9,332
ESAF CO-OPERATIVE,3.5,332
Aloha Technology,2.8,332
Kalyani Motors,3.2,332
Advanced Micro Devices,3.7,334
Signode,3.8,331
Paperchase Accountancy,3.0,331
Labcorp,4.0,332
AVL,3.5,331
Motilal Oswal Asset Management Company,4.4,331
Aeronautical Development Agency,4.2,331
Minda Kosei Aluminum Wheel,4.1,331
Vem Technologies,3.6,331
Park Plus,2.8,341
Furukawa Minda Electric,4.2,330
Vasan Eye Care Hospitals,3.8,330
Zopper,3.2,330
Polyhose,3.7,330
Cox & Kings,3.1,330
BLS International Services,3.4,330
Ven Consulting,3.3,331
Unique Identification Authority of India,3.8,330
MJ Biopharm,3.5,331
Pfizer Products India,3.9,330
Hindustan Urvarak & Rasayan,3.3,330
VGM Consultants,3.3,330
Pitaara,4.2,336
IIT Bombay,4.4,329
L&T–MHI Power Boilers,4.0,329
You Broadband,3.7,329
Lloyd Insulations,3.5,329
Allegis Global Solutions,3.4,329
Hyundai Construction Equipment,4.4,329
Taco Bell,4.1,330
Global Aluminium,3.7,332
Springer Nature in India,4.0,329
VIKRAN Engineering & Exim,4.1,329
Ace Designers,4.1,329
Maharashtra Hybrid Seed Company,4.1,329
Kpmg Resource Centre,3.5,330
MUFG Bank,3.5,330
Wonderla Holidays,4.2,329
Walplast Products,4.0,328
ICRA Analytics,3.0,328
Pricol Precision Products,4.0,328
Clarus Rcm Infotech,2.8,328
NIKE,4.0,328
Machino Plastics,3.6,328
Adani Electricity,3.5,350
Adglobal360,3.3,327
Dinshaws,3.9,327
CityMall,3.3,327
Telstra,3.9,327
DSV - Global Transport and Logistics,3.7,328
Plasser India,4.0,327
Gi Group,3.7,327
Glorious Insight,3.6,327
Volvo Trucks,4.0,327
Telecom Network Solutions,4.0,327
Path Infotech,3.4,328
SOTC Travel Limited,4.1,327
Motherson Technology Services,3.2,328
Kalkine Solutions,4.2,327
Patil Group,3.5,326
Banco Products,3.4,326
Polyplastics Industries (I),3.8,326
Red Tape,3.3,326
Satguru Travels and Tour Services,2.8,326
AVASOFT,2.6,326
Rainbow Childrens Hospital,3.6,326
Rajsriya Automotive Industries,3.2,325
Victora Tool Engineers,3.7,325
Hitech Digital Solutions,3.7,325
Selec Controls,3.6,325
CareEdge Ratings,3.0,325
Entab Infotech,3.2,325
Kuwait National Petroleum Company,4.3,325
Lucas Indian Service,4.0,325
TIBCO Software,3.7,325
Harsha Engineers,3.8,325
ESAB,3.9,325
Rio Tinto,3.6,324
Intelizign Lifecycle Services,3.4,325
Rushil Decor,4.1,325
Han Digital,2.6,324
Sundaram Motors,3.9,324
VKC Group,3.8,324
Versuni India Home Solutions,3.4,324
Decimal Point Analytics,2.8,324
KLJ GROUP,3.3,324
Nitco,4.0,325
Sureti Insurance Marketing,3.2,329
KJS Cement,3.5,324
EqualizeRCM Services,3.8,324
Siti Networks,4.0,324
Louis Philippe,4.4,324
Cadence Design Systems,3.8,324
Veolia Water Technologies,4.3,323
Senvion,4.1,323
Robosoft Technologies,3.4,323
Aabasoft,4.0,323
Aptean,3.2,323
DCDC Kidney Care,4.1,323
Brawn Group,3.6,323
Tudip Technologies,2.8,322
Himadri Speciality Chemical Limited,3.6,322
Can Fin Homes,2.8,322
Peregrine Guarding,3.9,322
Peel-works,3.6,322
Corizo,3.8,322
Fluentgrid,3.5,322
Shree Renuka Sugars,4.0,322
Mahindra Truck and Bus,3.7,322
Nava Limited,3.8,323
Stellar Value Chain Solutions,3.6,322
ITM Group of Institutions,3.4,322
Toyota Financial Services,3.6,321
Global Calcium,3.2,321
TestingXperts,3.9,322
Balrampur Chini Mills Limited,3.9,321
NR Consulting,4.6,321
Techno Electric & Engineering Company,4.0,321
Gyproc,3.9,333
Kubota Agricultural Machinery India,4.3,321
Kubota Agricultural Machinery India,4.3,321
Toyota Financial Services,3.6,321
Sarvagram Fincare,3.9,321
E-Solutions,3.4,321
Boehringer-Ingelheim,3.9,321
IFFCO Kisan Sanchar,3.5,320
convergys india services,3.5,320
GE Aerospace,4.1,355
Mirza International,3.5,321
Yubi,4.2,320
Merit Data and Technology,3.5,320
Aujas Cybersecurity-NuSummit company,3.6,321
Sheraton Hotels and Resorts,3.8,320
MobileComm Technologies India,3.8,320
Greentech Industries,3.8,321
BIC Cello,3.9,320
SAR Group,3.9,319
Lernx,3.8,319
Luxor Writing Instruments,3.4,319
Accel IT Services,3.5,320
Technosoft Engineering Projects Limited,3.9,319
SAR Group,3.9,319
Savex Technologies,4.0,319
Luxor Writing Instruments,3.4,319
Universal Mep Projects & Engineering Services,3.7,319
Swastika Investmart,3.7,318
MIOT INTERNATIONAL,3.3,318
Highway Industries,4.0,318
Novel Office,4.0,318
Honda India Power Products,4.1,318
Apisero,4.3,318
Pps Motors,4.0,319
Kent plc,4.1,318
Groz Engineering Tools,4.1,318
Jms Mining Services,4.0,318
Lincoln Pharmaceuticals,3.4,317
Lion Engineering Consultants,3.5,317
MDC Group of Companies,4.8,317
Inventia Healthcare,4.0,317
Pharmed,4.7,317
Modern V.R. Security Force,3.9,318
Holisol Logistics,3.8,317
InsanelyGood,4.0,317
Lincoln Pharmaceuticals,3.4,317
Lion Engineering Consultants,3.5,317
Telesonic Networks,3.8,316
Vashi Integrated Solutions Limited,3.8,316
VSoft Technologies,3.2,316
SNVA Group,3.3,316
Omax Autos,3.7,316
UCO Bank,3.7,316
Laser Power & Infra,3.6,316
ETA Engineering,3.3,316
Alkyl Amines,4.0,316
Iconic,4.1,315
VML,3.4,315
Cactus Communications,3.4,315
Aksentt Tech Services,4.5,315
CG Foods,3.5,315
Abbott Nutrition International,3.9,315
Fino Paytech,3.2,315
Resurgent India,3.8,315
Competent Software,3.3,315
"Nitor Infotech, an Ascendion company",4.1,315
Annexmed,3.2,315
IQ BackOffice,3.5,315
Jorie Healthcare,4.0,314
Western Digital,3.4,314
Cohizon Life Sciences Limited,3.4,314
Stellantis Avtec Powertrain,3.6,314
Markelytics Solutions,4.5,314
Hindustan Wellness,3.2,314
doodleblue innovation,3.9,314
Aristocrat,3.6,314
Listenlights,3.7,315
Tenon Facility Management,3.6,314
Genisys Group,3.6,313
Kusum Healthcare,4.0,313
Karvy Financial Services,3.9,313
Adani Gas,3.1,313
Moody's Analytics,4.1,313
Karvy Financial Services,3.9,313
Adani Gas,3.1,313
Genisys Group,3.6,313
Tata Play Fiber,4.0,313
Coditas Technologies,3.7,313
Radiant Cash Management Services,3.4,313
SPML Infra,4.0,312
Airtel DTH Services,4.1,312
o9 Solutions,3.5,312
Paragon Digital Services,3.2,312
ClaySys,3.8,312
ABI Showatech,3.5,313
Renom Energy Services,4.2,312
Irclass Systems And Solutions,4.2,313
Ubisoft Entertainment,3.6,312
Ratnamani Metals and Tubes,4.2,312
Olectra Greentech,3.3,312
NACL Industries,4.0,312
Frigorifico Allana,3.9,312
MSM Unify,3.9,312
Signutra (Health & Nutrition Division of Win - Medicare Pvt Ltd),4.4,312
Gammon Engineers And Contractors,4.0,311
Darwinbox,3.7,311
Mit World Peace University,3.9,311
ZF India Technology Center,3.7,311
EXO Edge,3.6,311
Smaaash Entertainment,4.1,310
Hinduja Finance,3.9,310
DEC Infra,3.7,310
BYJU'S Exam Prep,3.7,310
Arya Omnitalk,3.8,310
Zeta,3.2,310
Walsons Facility Solutions,3.9,310
Laxmi Civil Engineering Services,4.0,310
AI Variant,4.2,310
Alicon Castalloy,3.3,309
Angelique International,4.5,309
Manipal Technologies,4.0,309
ATMECS Global,3.2,309
Princess Cruises,3.9,309
Alicon Castalloy,3.3,309
Bharat IT Services,3.3,309
Angelique International,4.5,309
Creative Hands HR Consultancy,4.2,309
KnowledgeHut,4.4,309
Indo Farm Equipment,3.1,309
Sphinx Worldbiz,3.4,310
ATMECS Global,3.2,309
MARK EXHAUST SYSTEMS,4.2,309
KEPCO Plant Service & Engineering,3.7,309
Bnp Paribas Securities,3.7,309
ESIC HOSPITAL,4.1,309
Softcell Technologies,3.9,308
Infiniti Software Solutions,4.5,308
Newt Global,4.3,308
Narula Infrastructure,3.6,308
Military Engineer Services,4.6,308
Jaiprakash Power Ventures,4.0,308
SVC Co-Operative Bank,3.9,309
ILJIN ELECTRONICS,3.8,308
UNITILE,4.6,308
Narula Infrastructure,3.6,308
Softcell Technologies,3.9,308
Infiniti Software Solutions,4.5,308
Newt Global,4.3,308
CR3 Group,3.9,308
Jodas Expoim,3.3,308
Elico Healthcare Services,3.3,307
GIVA Jewellery,3.1,308
Katerra,3.5,307
Fidelis Technology Services,3.2,307
Avanse Financial Services,3.9,307
KHY ELECTRONIC,3.9,307
Jasper Colin,3.9,307
Ms Agarwal Foundries,4.2,307
Azure Power,3.9,306
Dainik Jagran,3.5,306
Silverskills,3.4,306
Smart Value Products And Services,4.2,306
JSW Steel Coated Products,3.9,306
ZIM Laboratories,3.0,306
Tata Marcopolo Motors,3.7,306
Micro Plastics Private Limited,3.6,306
MSD Pharmaceuticals,3.8,306
Hindustan Times,3.3,306
H&R Block,4.2,306
Doha Petroleum Construction Company,3.7,306
ARDEM Incorporated,3.9,307
Miles Education,3.3,305
Embee Software,3.7,305
Diya Systems,3.2,305
Electrical Research & Development Association,3.8,305
Automotive Robotics (India),3.6,305
Praxis Services,3.0,306
Nissin Brake,4.2,305
1K Networks,3.2,305
Cavisson Systems,2.3,305
TAJSATS AIR CATERING,4.1,305
Cameo Corporate Services,3.3,305
Jaguar Land Rover,3.9,305
ITC ABD,3.7,304
Himedia Laboratories,4.1,304
Equinox Labs,3.9,304
Domino Printech India LLP,4.3,304
JUNIPER GREEN ENERGY,4.6,305
Meitra Hospital,4.5,304
Van Heusen,4.0,304
Themis Medicare,3.7,304
IM Gears,3.5,304
Pulse Pharmaceuticals,3.3,305
Asort Company,3.9,304
Aarti Steels,3.7,313
Ordnance Factory,4.4,304
Molecular Connections,3.1,304
Sakon,3.0,304
Yum!,4.1,304
Sabre,3.9,304
SGT University,3.6,304
RHI Magnesita,3.8,304
The Indian Hume Pipe Co.,4.0,304
Cyber Infrastructure,3.5,304
GSH Group,4.2,303
Bombay Intelligence Security,3.9,303
Madina Group,4.5,303
Ninestars Information Technologies,3.2,303
Amcor Flexibles India,3.7,303
Xpheno,3.6,302
AGI Glaspac,3.8,302
TCPL Packaging,4.0,302
TATWA Technologies,3.2,302
Ck Birla Hospitals,3.9,302
Inlead Electronics,4.0,302
Ang India,3.7,302
Guiltfree Industries,3.5,302
Internshala,3.7,302
Murugappa Group,4.0,302
LANXESS India Private Limited,4.2,302
Orix Auto Infrastructure Services,4.1,302
Danone Foods Beverages,3.4,302
Lanco Infratech,4.5,301
Nimbus Harbor Facilities Management,4.0,301
Pitney Bowes,3.7,301
Teamlease Digital,3.3,672
Fexprime Finance,4.5,301
HungerBox,3.7,301
Taal Tech India,3.9,301
Busibud,3.7,301
SBS,2.7,301
TIDC India,3.8,301
Cliantha Research,4.0,301
Soma Enterprises,4.5,300
Mindteck,3.0,300
Suburban Diagnostics,3.9,300
Rucha Engineers,3.8,300
Gaja Engineering,4.2,300
Amrutanjan Health Care,4.0,300
Metric Stream Infotech,3.2,300
Thomson Digital,3.9,300
Munjal Kiriu Industries,3.8,300
MN Dastur & Company,4.0,300
Unibic Foods,3.7,300
Aurigene Pharmaceutical Services,4.2,316
Bharat Wire Ropes,3.6,300
Hudson's Bay Company,3.8,300
NVH India Auto Parts,3.3,299
Dahua Technology India Pvt.Ltd.,3.5,299
Business Integrity Services,4.3,299
ArcGate,3.0,299
Gawar Construction,4.1,298
Bird Worldwide Flight Services,3.3,299
HostBooks,3.1,299
SS Supply Chain Solutions,3.6,299
Futwork,3.8,299
Myk Schomburg,3.9,298
Netsmartz Infotech,3.9,298
First Flight Couriers,4.4,298
Checkmate Services,3.9,298
Allanasons,4.0,299
Indus Valley Partners,2.9,298
Manba Finance Limited,3.8,298
Netsmartz Infotech,3.9,298
T R Chadha & Co Llp,3.3,298
Money View,4.1,298
Adani Energy Solutions,3.6,298
Altruist Customer Management India,4.1,297
Citrix,3.2,297
BMW,4.1,297
ICRA,3.2,297
Tata Green Batteries,3.9,297
Titan Laboratories,3.4,297
Ahresty India,3.8,297
LatentView Analytics,3.5,298
Woodland,3.4,297
VVF,3.9,297
Koenig Solutions,3.6,297
Hamleys,3.8,297
Hardcastle Restaurants,3.7,297
Peter England,4.1,297
Vinati Organics,3.9,297
INDIABULLS PHARMACEUTICALS,2.7,296
British Biologicals,3.0,296
Rheinmetall Automotive,4.0,296
GlobalStep,2.3,296
Blenheim Chalcot,2.7,296
DataTrained,3.5,296
Saregama India,4.0,296
Bhandari Automobiles,3.7,296
Rooman Technologies,3.7,296
Ruby Hall Clinic,3.9,296
Presto Infosolutions,2.8,296
ANZ Operations & Technology,3.8,296
Tata ClassEdge,3.5,296
CQRA,4.3,296
Tamilnad Mercantile Bank,2.5,296
Mirafra Technologies,3.8,296
NatWest Markets,3.9,296
DynPro,3.7,296
Navneet Education,3.9,296
SSF PLASTICS,3.6,296
Navneet Education,3.9,296
Aspiro Pharma,3.8,296
Xylem Water Solutions,3.7,296
FUJIFILM,4.1,295
Doubtnut,3.4,295
ecare India,3.9,295
THE GUARDIANS Real Estate Advisory,3.6,295
Airbnb,3.5,295
CPM India Sales & Marketing,4.0,295
ScoreMe Solutions,3.4,295
Roki Minda Co,4.5,294
Alf Engineering,4.0,294
TJSB Sahakari Bank,3.6,294
MSPL,4.1,294
Futurense Technologies,4.0,294
IndianOil Adani Ventures,4.0,294
Innoviti Technologies Private Limited,2.9,294
NAFFCO,3.2,294
Spm Autocomp,3.6,294
Kelly Services,4.2,294
Futurense Technologies,4.0,294
Junglee Games,4.1,294
Slr Metaliks,4.1,294
Alf Engineering,4.0,294
Can-Pack,4.4,294
MSPL,4.1,294
IndianOil Adani Ventures,4.0,294
Kelly Services,4.2,294
Spm Autocomp,3.6,294
TJSB Sahakari Bank,3.6,294
GMR Energy,4.1,294
HyScaler,4.3,293
Aurangabad Electricals,4.0,293
Mukand Limited,3.6,293
McAfee,3.8,293
Gionee,4.5,293
Hema Engineering Industries,4.0,293
Bhash Software Labs,4.6,293
POSCO MAHARASHTRA STEEL,4.1,293
Tablets (India),3.8,293
Aurigene Oncology Limited,4.2,293
R L Fine Chem,3.6,293
Atul Auto,3.8,293
Wartsila,4.1,293
Danfoss Power Solutions,3.9,293
AltezzaSys,3.8,293
Karuna Management Services,3.7,293
Nexval Infotech,2.7,292
ERA Group,4.1,292
Piramal Foundation,4.1,292
IT By Design,3.2,292
Shreya Life Sciences,4.1,292
Tradebulls,3.0,292
Keihin Fie,4.3,292
Garware Technical Fibres,3.7,292
ABP Group,3.3,292
Ratnadeep Retail,4.2,292
Segula Technologies,3.5,293
TP Central Odisha Distribution,3.6,320
Consolidated Construction Consortium,4.2,291
Arena Animation,3.6,291
Efftronics Systems,3.2,291
Impelsys,3.1,291
Cure foods,3.4,291
Trelleborg,3.9,291
Knowledge Splice Services pvt ltd.,3.0,291
Chubb,3.4,293
Personiv,3.7,291
Perkins,4.3,291
Baoiam Innovations,4.6,291
Nature's Basket,3.9,290
Wirtgen India,4.2,290
JMR Infotech,4.2,290
Infrastructure Leasing & Financial Services,4.3,290
Softtek,3.8,290
Vilas Javdekar Developers,3.9,291
RNF Technologies,3.0,290
SquadStack,3.5,290
Aditya Birla Memorial Hospital,4.4,291
Calsonic Kansei Motherson Auto Products,4.1,290
JMR Infotech,4.2,290
Softtek,3.8,290
Calsonic Kansei Motherson Auto Products,4.1,290
Vilas Javdekar Developers,3.9,291
ONPASSIVE,2.5,290
Spectranet,3.6,290
BCT Consulting Private Limited,3.9,290
Goldmedal Electricals,3.7,290
Nuclear Power Corporation of India,4.1,289
Shriram Chits,3.7,289
Gemini Solutions,3.4,289
Eye-Q Super Speciality Eye Hospitals,3.4,289
Levelshift,3.2,289
Nestaway,3.3,289
Bharat Dynamics,4.5,289
Think Future Technologies,4.5,289
Incture Technologies,2.7,289
The Fern Residency,4.0,289
Namdev Finvest,3.7,289
EnFuse Solutions,4.1,289
Renewsys India,4.0,289
V2Solutions,2.8,288
QDegrees,3.3,288
Wallace Pharmaceuticals,3.8,288
SEABIRD LOGISOLUTIONS,3.9,288
OnProcess Technology,3.8,288
Meinhardt Group,3.4,288
Apollo Diagnostics,4.1,288
Autodesk,3.9,288
Munjal Auto Industries,3.7,289
Toyota Tsusho,3.8,287
Nilons Enterprises,3.9,287
Indira Gandhi International Airport,4.0,287
SHV Energy,3.8,287
Bony Polymers,3.6,287
Stelmec,3.1,287
Rupa,3.7,287
AirAsia,3.5,287
Wika Instruments India,4.0,288
Ador Welding,3.9,287
Wika Instruments India,4.0,288
Rupa,3.7,287
Bony Polymers,3.6,287
Crescent Foundry,3.8,287
Origo Commodities,3.5,287
Amartex Industries,3.5,288
Nilons Enterprises,3.9,287
Indira Gandhi International Airport,4.0,287
Toyota Tsusho,3.8,287
FCI CCM,4.3,287
Imperative Business Ventures,3.7,287
Samarth LifeSciences,3.7,287
SolarSquare Energy,3.2,286
Moder Solutions,3.3,288
Pfizer Healthcare india pvt lit,3.9,286
Mahindra Teqo,4.1,315
Sam India Built Well,3.5,286
Konica Minolta Business Solutions India Pvt. Ltd.,4.0,286
Banswara Syntex,3.8,286
Clifford Chance,3.7,286
SolarSquare Energy,3.2,286
Sam India Built Well,3.5,286
Zee Laboratories,2.9,286
Turing,3.0,286
Bristol-Myers Squibb,3.6,285
Verse Innovation,3.5,286
Bacancy Technology,4.3,285
Ketto,4.3,285
SMR Automotive Systems India,3.7,285
Orient Paper Mill,4.4,285
National Institute for Smart Government,3.6,285
TowerVision India,4.2,285
Automotive Axles,3.9,286
ICICI Direct,3.8,285
Easy Home Finance,4.4,285
Property Solutions,3.8,285
Servotech Power Systems,3.9,285
Popular Vehicles and Services,3.7,284
J.M Baxi & Co,3.8,284
Tata Memorial Centre,3.9,284
Shyam Indus Power Solutions,3.7,284
Southern Petrochemical Industries Corporation,3.6,284
Amnex Infotechnologies,3.9,284
Any Brand,4.2,284
Sahayog Multistate Credit Co-operative Society,3.6,285
Jetking Infotrain,3.6,284
Tommy Hilfiger,3.9,285
DRA Homes,4.5,284
AXIS MY INDIA,2.6,284
Ajio Business,3.7,284
MosChip Technologies,3.8,284
Propel Industries,3.6,284
Sonata Finance,3.9,283
Locuz Enterprise Solutions,3.7,283
Home Centre,4.0,284
Siegwerk,3.8,283
Mas Callnet,2.8,283
Pitambari Products,4.2,283
Indian Metals & Ferro Alloys,3.7,283
Adani Solar,3.6,283
MTAR Technologies,3.9,283
Indian Metals & Ferro Alloys,3.7,283
Arrow Electronics,4.2,283
Mas Callnet,2.8,283
kipi.ai,3.8,285
Worldline Global Services,3.7,283
Fleetx.io,3.4,283
Trackon Courier,3.6,283
Ciron Drugs & Pharmaceuticals,3.2,282
Highbar Technocrat,3.9,282
CloudFoundation,4.8,282
Meghalaya Cements,4.1,282
Elcamino Software,3.1,282
Siegwerk,3.8,283
Emmvee Photovoltaic Power,3.5,282
HM Group,4.5,282
LM Wind Power,4.0,282
Sanmarg Projects,3.9,281
Naaptol Online Shopping,3.3,281
Drydocks World Dubai,3.9,281
Dyninno India,4.0,281
FOX Solutions,3.9,281
MMC Infotech Services,3.6,281
Lumax Auto Technologies Ltd,4.2,281
Mindfire Solutions,4.0,281
Sigmoid,4.0,281
OSB India,3.6,281
AvenData GmbH,4.0,281
Virtusa Software Services,3.6,281
Ribbon Communication,3.7,281
Rimjhim Ispat,3.4,280
Kangaro Industries,3.5,280
PurpleTalk,3.7,280
Toyota Material Handling,3.7,280
ANI INTEGRATED SERVICES,3.6,280
InnovationM,3.8,280
INDIAN PUBLIC SCHOOL,3.9,280
Cremica Food Industries,3.8,281
Vserv Infosystems,3.5,280
Girlscript Foundation,4.9,280
Vitesco Technologies,4.4,280
Girlscript Foundation,4.9,280
OneAssist Consumer Solutions,3.9,280
Nippon Audiotronix,3.4,280
Microsense,3.6,279
Trigyn Technologies,3.8,279
Dotsquares,2.8,279
Fourrts,4.1,279
Kirloskar Electric Company,3.7,279
AAJ Supply Chain Management,3.6,279
Radium Creation,3.9,279
Ahana Systems & Solutions,3.7,279
Tata nexarc,3.0,279
Malladi Drugs & Pharmaceuticals,3.6,279
360 Degree Cloud Technologies,3.9,279
STYLAM Industries,3.5,279
Royal Research,2.0,279
Kaleesuwari Refinery,3.8,279
Hitachi Astemo Rajasthan Brake Systems,4.3,279
Bandhan KOnnagar,3.4,279
Oriflame India,4.0,278
Trivium Education Services,3.7,278
MetroTelworks,3.7,278
The Louis Berger Group,4.4,278
Gupshup,2.8,278
Escalon Business Services,3.8,278
Bhavani Industries,3.6,278
Dee Vee Projects,3.8,279
Walchandnagar Industries,3.2,278
Manappuram Home Finance,4.0,279
I P Integrated Services,3.7,278
Gracure Pharmaceuticals,3.4,278
Balajee Group,3.5,278
Msi Services,4.0,278
Ummeed Housing Finance,3.9,278
Suntory Global Spirits India,4.0,278
Hyperpure,3.7,310
Gautam Solar,3.9,277
Omkar Realtors & Developers,3.7,277
Veer-O-- Metals,4.2,277
Befree Business Resourceing,3.2,277
Emerald Jewel Industry India,3.7,277
Polyplex,4.1,277
Apparel Group India Private Limited,3.5,277
Four Points By Sheraton,4.3,277
Gautam Solar,3.9,277
Eastman Chemical Company,4.0,277
Asia-Pacific Institute of Management,3.7,277
Olyv,4.4,277
Veer-O-- Metals,4.2,277
Sun TV Network,3.5,277
Total Environment Building Systems,4.0,277
Cognizant Solutions Corp,3.8,277
Omkar Realtors & Developers,3.7,277
Anupam Rasayan India,3.6,277
Anand Rathi Share and Stock Brokers Ltd,3.4,277
Star Wire India,4.0,277
ATLBattery Technology (India) Private Limited,3.7,277
Edureka,3.0,276
TourTravelWorld.Com,4.9,276
Embitel Technologies,4.1,277
TourTravelWorld.Com,4.9,277
Gap,3.5,276
Spectraforce Technologies,3.1,276
Videocon Industries Ltd.,3.9,276
Varmora Granito,4.0,276
Bihar Rural Livelihoods Promotion Society,3.7,277
Awfis,4.1,276
Hero Vired,4.5,275
SMS Limited,4.1,275
Utthunga Technologies,2.9,275
Vision Rx Lab,3.9,275
RM Education Solutions,3.3,275
Transworld Systems,3.1,283
Indo Amines,3.1,275
Powerica,3.7,275
Kunal Structure,3.8,275
HDFC Credila Financial Services,3.6,276
Publicis Resources,3.5,275
Kd Logistics,3.8,275
Zeetech Management And Marketing,3.8,275
Indo Amines,3.1,275
Policyboss.com,3.3,274
Zee Media Corporation,3.4,274
HiyaMee Private Limited,2.9,274
Sir Ganga Ram Hospital,4.1,274
Muthoot Pappachan Group,4.0,274
Joyson Safety Systems,4.0,275
Roche Diagnostics,3.8,274
MM Forgings,3.4,274
Classplus,3.8,274
RM Education Solutions,3.3,275
Fujitec,3.9,274
Phoenix Contact,4.0,274
American Express Global Business Travel,4.2,274
Gatewaypark Business,4.6,259
BARC,4.4,273
Petrocon Engineers & Consultants,3.7,273
Jbm Auto Components,4.0,273
Government of Maharashtra,3.8,273
ARCIS e Services,3.7,273
Netafim Irrigation India,4.1,273
PaySquare Consultancy,3.8,273
Superhouse,3.3,273
Indian Institute of Science,4.1,273
Nippon Express,3.9,273
Ambey Mining,3.4,273
Shaily Engineering Plastics Ltd,4.1,273
Rochem Separation Systems,3.6,273
Venkateshwar Hospital,3.4,273
Liugong India,3.4,273
Mitsuba Sical,3.9,272
EVRY India,4.5,272
Dover India,4.0,272
HYUNDAI TRANSYS INDIA,3.8,272
Chain-Sys,3.1,272
Nalco water,3.7,272
Puzzolana Machinery Fabricators,4.0,272
Bajaj Hindusthan,4.2,272
Calpion Software Technologies,3.5,272
Dover India,4.0,272
EVRY India,4.5,272
Calpion Software Technologies,3.5,272
Puzzolana Machinery Fabricators,4.0,272
Massmutual Global Business Services,3.9,272
Velnik India,3.2,271
Advance India Projects,4.2,271
EGIS,4.0,271
Niine,3.6,271
Adonmo,4.4,271
Forbes & Company,3.7,271
Meenakshi Polymers,3.6,271
Shriram Group,4.0,271
Tatva Chintan Pharma Chem,3.6,271
Qualys,3.7,271
Lipi Data Systems,3.8,270
Confederation of Indian Industry,3.4,270
Interface Microsystems,3.7,270
P&O Cruises,3.7,270
Technique Control Facility Management,3.7,270
Hindustan Latex Family Planning Promotion Trust,3.5,270
East India Udyog,3.9,270
Sundaram Business Services,3.7,270
Teachmint,3.9,270
K R Mangalam University,4.4,270
Indian Molasses Company,3.6,270
Weblink In,3.9,270
Healthium Medtech,3.4,270
Smart Chip,3.9,270
Bhilai Engineering Corporation,3.6,269
Vcs Quality Services,3.9,269
Infineon Technologies,3.6,269
Seven Hills Hospital,3.7,269
StudyIn,4.0,269
Freelancer.com,4.1,269
Kanwar Enterprises,3.5,269
Suresh Surana & Associates,3.2,269
Fashion TV,3.1,269
Al-Yamama Group,3.5,269
Cargo Service Center India,3.7,269
Yakult Danone India,3.7,269
StudyIn,4.0,269
Al-Yamama Group,3.5,269
Kanwar Enterprises,3.5,269
S G Encon,3.6,269
RACL Geartech,4.2,269
Nalco,4.2,268
SHL,3.4,268
TimesPro,3.3,268
Eastern Software Solutions Pvt. Ltd,3.8,268
International Flavors & Fragrances,3.7,268
Ocrolus East,3.4,268
Sonalika Group of Companies,3.7,268
Don Bosco School,3.6,269
Sgs Tekniks Manufacturing,3.9,268
Hero Electric,4.0,268
Grauer & Weil (i),3.3,268
Apex CoVantage,3.0,267
Wishfin,3.4,267
MITA,3.8,267
Bonn Group,3.9,267
ICICI Foundation for Inclusive Growth,3.7,267
Schneider Electric Infrastructure,4.2,267
Wishfin,3.4,267
Bajaj Finserv Health,3.5,267
Central Institute of Mining and Fuel Research,3.9,267
Faber India,4.3,267
MITA,3.8,267
Aqualite India,3.7,267
Cholamandalam Securities,3.5,267
Apex CoVantage,3.0,267
Star Hospitals,4.0,267
Century Pulp & Paper,3.9,267
Eastern Condiments,3.8,266
Indo Count Industries,3.6,266
MindCraft Software,3.6,266
SasMos HET Technologies,3.7,266
Boston Scientific,3.9,266
FICO,3.4,266
Walking Tree,3.3,266
Creamy foods,3.8,266
Terex,3.9,266
Kosamattam Finance,3.8,273
Adani Realty,3.6,266
Sunteck Realty,3.3,266
Alivira Animal Health,4.1,265
Sumadhura Infracon,4.0,265
Sv Creditline,3.8,266
Bacardi,3.8,265
Hetero Biopharma,3.8,265
Dbs Mintek,3.4,265
Goldstone Cements,3.3,265
Siddha Group,3.8,265
Butterfly Gandhimathi Appliances,4.0,266
Outpace Consulting Services,4.6,268
Rakon,3.7,265
Shriram Value Services,3.9,264
BuildAHome,4.4,264
Centific,3.4,264
Synergy Maritime,4.0,264
MAN Truck & Bus,2.6,264
Lafarge,4.5,264
Shriram Properties,4.0,266
Ginesys,3.7,264
Normet,3.8,264
Everest Fleet,3.1,264
National Institute of Technology,4.3,264
Reliance Fresh,4.4,264
DigiTech Call System,2.7,285
Dnata,3.1,264
Himalaya Opticals,4.4,264
KiwiTech,3.6,263
Hartek Group,3.9,263
Sentiss Pharma,3.5,263
Kalinga Commercial Corporation,3.8,263
Supermax Personal Care,3.6,263
Strada,3.5,264
Naandi Foundation,3.9,263
Electronic Arts,4.0,263
Etisalat,3.2,263
Cholamandalam MS Risk Services,3.7,264
The Professional Couriers,3.4,263
Intech Organics,3.1,263
Kalinga Commercial Corporation,3.8,263
Flipspaces,4.0,263
Milky Mist Dairy Food,4.0,263
Reliance resQ,4.0,263
Expertise Contracting Company,3.5,262
Unitech,3.6,262
OmniActive Health Technologies,3.4,262
99acres,3.6,262
Profectus Capital,4.1,262
RentoMojo,3.8,262
Trimble,3.8,262
Shivalaya Construction,4.3,263
Brink's,4.0,262
Vee Healthtek,3.8,262
Century Enka,4.0,262
Belstar Investment and Finance,4.1,262
JGC Corporation,4.4,262
JGC Corporation,4.4,262
East African (I) Overseas Dehradun,4.0,261
ReachLocal Services,3.5,261
IPROCESS BUSINESS SOLUTIONS,3.7,261
Valmet,4.1,262
Wilo Mather and Platt Pumps,3.9,261
Tata Boeing Aerospace,3.7,261
Enpro Industries,4.3,261
MEDOPHARM,3.9,261
L&T Realty,3.7,266
UNICEF,4.0,261
Fingent,3.9,261
GfK MODE,3.4,261
Rosenberger Electronic,3.9,261
Keka Technologies,3.1,261
Liberty Shoes,3.8,260
Hidden Brains InfoTech,3.6,260
Enzene Biosciences,4.0,260
Omega Healthcare Solutions,3.7,260
Jspiders,3.6,260
Liberty Shoes,3.8,260
The KCP,4.1,260
Hidden Brains InfoTech,3.6,260
Omega Healthcare Solutions,3.7,260
Nesma & Partners,4.2,260
Enzene Biosciences,4.0,260
Jspiders,3.6,260
Karnataka Bank,3.8,259
Roha Dyechem,3.4,259
Applus IDIADA,4.1,259
Avanze Technologies,3.2,259
Tata Autocomp Gotion Green Energy Solutions,3.7,259
Fresenius Medical Care,3.8,259
Piramal Realty,4.1,259
Apna,3.3,259
Allengers Medical Systems,3.6,259
L&T Heavy Civil Infrastructure,4.1,259
Insecticides India,4.0,259
Mitsubishi Elevators,4.0,259
Rostfrei Steels,3.8,259
Annora Pharma,3.6,259
L&T Heavy Civil Infrastructure,4.1,259
Stellar Information Technology,3.7,259
GrapplTech,4.8,259
Shivani Locks,3.7,258
Sahajanand Medical Technologies,3.4,258
Gujarat State Fertilizers & Chemicals,4.3,258
AISECT,3.8,258
Shakambhari Ispat & Power,3.6,258
SUN Mobility,3.9,258
Immacule Life Sciences,3.3,258
Accurex Biomedical,4.4,258
Diffusion Engineers,4.1,258
Brinton Pharmaceuticals,4.2,258
Government of Andhra Pradesh,3.8,258
Winjit Technologies,3.6,258
MBD GROUP,3.3,258
SCM Garments,3.6,258
JRG Automotive india,3.3,258
Pinkerton,3.8,257
Costa Cruise Lines,4.2,257
Augmont Goldtech,4.7,257
Birla Tyres,3.6,257
Anthology,3.4,257
Binary Semantics,3.4,257
Algonomy,3.9,257
Essel Mining & Industries,4.3,257
Altera Digital Health,3.0,280
Innover Digital,4.2,257
Kutch Chemical Industries,3.9,257
Centillion Networks,3.8,257
Vacmet India,4.1,257
Toshiba Software India,3.5,257
Dhruv Research,3.0,257
Sakra World Hospital,4.2,257
Mamaearth,3.8,257
Mouser Electronics,3.5,257
Hewlett Packard Globalsoft,3.5,256
Wavin,4.1,256
Super Auto Forge,3.9,256
Danieli,3.5,256
Saurav Chemicals,3.6,256
Amity Software Limited,4.0,256
Snowman Logistics,4.2,256
Super Auto Forge,3.9,256
Hewlett Packard Globalsoft,3.5,256
Wavin,4.1,256
Uniqlo,2.8,256
LCC Projects,4.2,278
Vesuvius,3.8,256
El Seif Engineering Contracting,4.3,256
Tata Strive Skill Development Centre,3.9,256
Dosti Realty,3.7,256
Sparsh Hospital,3.6,256
Terralogic Software Solutions,3.0,256
Oswaal Books and Learning Private Limited,4.1,256
Hindware Home Innovation,3.7,255
British Airways,2.9,255
Mobius Knowledge Services,3.4,255
Xtancia Technosoft,4.0,255
STT Global Data Centres India,3.9,255
Reliance Cement Company,4.1,255
Maharishi Vidya Mandir,4.1,256
Birla Open Minds Education Private Limited,3.2,255
GS Engineering & Construction,3.6,255
Corsearch,4.0,255
Online Legal India,4.3,255
Yatharth Hospital,3.8,255
PG Electroplast,4.1,255
Modi Mundi Pharma,3.8,255
Sona Koyo Steering Systems,4.3,255
PMT Machines,3.0,256
Paul Merchants,3.8,255
Indian Railway Catering and Tourism,3.8,255
Rajiv Gandhi Cancer Institute & Research Centre,4.0,255
Shyam Steel Manufacturing,3.4,255
Weddingz.in,3.0,254
JM Financial Home Loans,4.0,254
Techolution,3.4,254
Captain Fresh,3.9,254
Novonesis,3.9,254
Credit Saison India,3.7,254
ATC Telecom Infrastructure,4.3,253
Dynamatic Technologies,3.7,253
Rossell Techsys,4.1,253
Zee Learn,3.7,253
Indian Oil- Adani Gas,3.8,254
Rehau Polymers,3.4,253
Caplin Point Laboratories,3.5,253
LIXIL,3.9,253
Mahagun India,3.1,253
Metacube Software,3.8,253
Welspun Global Brands,3.8,253
Ujala Cygnus,3.7,253
Nandan Petrochem,3.7,261
Sequential Technology International,4.1,253
Rays Power Infra,4.1,253
Health Total,3.4,253
J. C. Penney,3.9,253
Oncquest Laboratories,3.3,252
GE Aviation,4.0,252
Integra Micro Systems,3.9,252
Dyson,3.7,252
Globus Infocom,4.3,252
Singareni Collieries Company,4.5,252
Appasamy Associates,3.6,252
Protean eGov Technologies,3.5,259
British Paints,3.7,252
Oriental Aromatics,3.4,252
indiagold,4.5,252
New Allenberry Works,3.4,252
Malabar Group Of Companies,3.7,252
Richfeel Health & Beauty,2.8,252
Cargo Motors,4.1,252
Madras Radiators and Pressings Limited,3.6,252
ZIGRAM,3.4,252
Mogli labs,3.4,252
Medgenome Labs,3.8,252
JSG Group,3.7,252
Kovai Medical Center and Hospital,4.2,252
HyperCITY,4.7,251
Cordova Publication,3.6,251
Hawkins Cookers,3.6,251
Unison Pharmaceuticals,3.9,251
Kinetic Engineering,3.5,251
Tractor Junction,4.1,252
NEC Software Solutions,3.9,263
Shalina Healthcare,3.4,251
Catch Foods,4.1,251
ACN Health care,3.3,251
Galgotias University,3.3,251
KGK Group,3.3,252
General Energy Management Systems,3.7,251
Leeford Healthcare,4.0,251
Teleindia Networks,3.8,251
Royal Infraconstru,3.3,251
Vistra Corporate Services,3.5,251
Leayan Global,4.0,251
JP Infra,3.8,251
Sundaram Home Finance,4.2,251
WizKlub,2.8,251
Aegis Logistics,3.6,251
GTL Limited,4.3,250
Easyday Club,4.6,250
Quality Council of India,3.3,250
Apothecon Pharmaceuticals,4.4,250
Amazon Distributors,3.8,250
Zyoin,3.7,250
FoodPanda,3.9,250
Vamani Overseas,3.5,250
Madhucon Projects,3.5,250
Sudhir Power,3.6,250
Shivaami Cloud Services,4.2,250
Searce Cosourcing Services,3.0,250
Azad Engineering,3.8,250
Sigachi Industries,3.7,250
AAFT,4.1,250
Archirodon,4.1,249
CohnReznick,3.9,249
Ricoh,3.9,249
CohnReznick,3.9,249
PhyCARE Solutions,3.8,250
Jain University,3.6,249
O P Jindal Global University,3.7,249
Durian Industries,3.8,249
Grassroots BPO,3.4,250
Tata Sikorsky Aerospace,3.7,250
Gallantt Ispat,3.7,249
Mahindra Susten,4.4,249
Tangoe,3.8,249
Barista Coffee Company,4.3,249
Avance Consulting Services,3.8,249
Media.net Software Services (India),3.3,249
Venus Industrial Corporation,4.0,249
Ambica Steels,3.7,249
Epigral,4.1,248
Canam Consultants,3.3,248
Real Time Data Services,4.1,248
Pahal Financial Services,4.1,249
Eaton Power Quality,4.1,248
Epigral,4.1,248
Pahal Financial Services,4.1,249
GGS Engineering Services,3.4,248
Betsol,3.5,247
Xeam Ventures,3.5,247
Kotak Mahindra General Insurance,3.7,247
Oriental Carbon & Chemicals,4.3,247
Meneta Automotive Components,3.8,247
Burckhardt Compression,3.9,247
Wheels Emi,3.8,247
Millennium Engineers & Contractors,4.2,247
Motorola,4.2,247
Calderys India Refractories,4.1,247
Stanley Lifestyles,4.0,247
InvestoXpert,4.4,247
Ivy Mobility Solutions,2.7,247
MARG ERP,3.4,247
RG Stone Urology & Laparoscopy Hospital,4.0,246
IIT Madras,3.9,246
L&T Water & Effluent Treatment,4.1,246
UBI Services,3.6,246
The Sleep Company,4.2,271
ASUS,4.2,246
NextGen Healthcare,3.7,246
Bajaj Healthcare,3.3,246
Som Autotech,4.0,246
Intersoft Data Labs,3.6,246
Kisna Diamonds - HK Jewels,3.4,246
Steel Infra Solutions,3.6,246
Objectways Technologies,3.1,246
LOTS Wholesale Solutions,3.9,246
Enviri,3.8,246
Naga Limited,3.6,246
Edward Food Research and Analysis Centre,3.7,246
DM Consultants,1.5,246
Hill International,4.3,246
ITCONS e-Solutions,3.4,246
Electropneumatics & Hydraulics (I),4.1,246
Sai Service,3.7,246
Sony India Software Centre,3.9,246
Coolberg Beverages,3.3,245
Laborate Pharmaceuticals,3.7,245
Newgen Knowledge Works,3.4,245
C. L. GUPTA EXPORTS,4.3,246
KTL Automobile,3.9,245
Huntsman International,4.2,245
Health Insurance TPA of India,3.9,245
Exusia,3.4,245
Leap Finance,3.2,245
Essar Power,4.1,245
Honasa Consumer,3.6,245
Della Adventure Resort,3.8,245
Sraco,3.7,245
KANINI Software Solutions,3.8,245
Aditya Infotech,4.3,246
Turtle,3.2,245
Inland World Logistics,3.5,245
Securens System,3.9,245
Latinem,3.8,245
The Smart Cube,3.5,244
United Alliance Technology,4.9,244
Toyotetsu India Auto Parts,3.9,244
L. V. Prasad Eye Institute,4.2,244
Anand Rathi Global Finance,3.2,244
Infocus Technologies,3.9,244
Credera,3.3,244
National Contracting Company,4.0,244
Varite,3.4,244
Ruloans,3.7,244
The Smart Cube,3.5,244
Adfactors PR,3.4,244
Saint Gobain Sekurit India,3.7,243
Raj Petro Specialities,3.9,243
VSynergize Outsourcing,3.1,243
House of Hiranandani,4.6,243
Diamond Beverages,3.0,243
Cryoviva Biotech,3.4,243
Toshiba,4.1,243
Allianz,4.4,243
Net Solutions,3.8,243
Housejoy,4.2,243
Organic India,4.3,243
Meghmani Industries,3.5,243
Chandigarh Group of Colleges,3.8,243
GyanSys Inc,2.7,243
Sales India,4.1,242
Microchip Technology,3.8,243
Plada Infotech Services,3.6,242
Puranik Builders,4.2,242
VERITY GLOBAL SOLUTIONS,3.5,242
Cardinal Health,3.9,244
Clearpack,4.1,242
Rittal,3.8,243
Madras Engineering Industries,3.8,242
Sophos Technologies,3.8,242
Asian Heart Institute,4.0,242
SK E&C,4.4,242
Franco-Indian Pharmaceuticals,3.2,242
Amber,4.0,242
Simpson,3.4,243
Everllence,3.7,243
IIFL Securities,3.8,242
Smith+Nephew,4.0,241
Bizcrum Infotech,3.5,241
Emergys Labs,3.4,241
Kharafi National,4.3,241
Skylark Infra Engineering Private Limited,3.8,241
Vasta Global,3.7,241
Mangalam Cement,4.0,241
Onkar Infotech,3.9,241
Jindal India Thermal Power,3.7,241
Dev Information Technology,3.5,241
Madhu Jayanti International,3.3,241
Prabhat Dairy,3.7,241
Goodluck,3.7,241
Hofincons Infotech & Industrial Services,4.1,241
VGN Projects Estates,3.9,241
Student Life,3.9,241
Shri Bajrang Power & Ispat,3.9,241
Business for Social Responsibility,3.1,242
Madhu Jayanti International,3.3,241
Prabhat Dairy,3.7,241
Amara Raja Power Systems,4.3,241
Lucy Electric,3.9,241
Battery Smart,3.3,241
Lloyds Technology Centre,3.6,241
Tokai Rubber Auto Parts India,3.3,241
National Petroleum Construction Company,4.4,240
Sika,3.8,240
Suminter India Organics,3.8,240
Navata Road Transport,3.7,240
Kuwait Oil Company,4.3,240
RGBSI,3.3,240
Bombay Stock Exchange,3.6,240
Kapture CX,3.4,240
Alembic,4.0,240
Bravura Solutions,3.6,240
Agilysys Technologies India,3.3,240
Perfios Software Solutions,3.5,241
Data Marshall,3.3,249
Terrier Security Services,4.2,240
Arun Excello,3.9,240
Mahindra Defence Systems,4.0,240
Keller Ground Engineering,4.0,240
The Sparks Foundation,4.2,240
The Institute Of Chartered Accountants,3.3,239
Pacific Cyber Technology,3.5,239
IndustryBuying.com,3.0,239
Godawari Power & Ispat,4.3,239
GMM Pfaudler,3.9,239
Botree Software International,3.5,239
Global Opportunities,3.9,239
Fresher Than Fresh,4.0,239
e-Procurement Technologies,3.2,239
Rishabh Software,3.7,239
YES SECURITIES,3.5,239
Muthoot Money,3.9,239
Virgo Laminates,4.1,239
Klaus IT Solutions,3.6,239
SevenMentor,4.3,239
Sterling Hospitals,3.9,239
SevenMentor,4.3,239
Billabong High International School,3.6,239
Netenrich Technologies,3.3,239
Dalmia Bharat Sugar & Industries,4.1,239
Sanjeev Auto Parts Manufacturers,4.0,238
Live Connections,3.8,238
Tatvasoft,3.4,238
Model N,4.5,238
Miraj Cinemas,3.8,238
Q Way Technologies,2.8,238
Income Tax Department India,4.3,238
Hindustan Pencils,4.2,238
Central Tool Room & Training Centre,4.2,238
Karanwal Capital,4.7,238
Interarch Building Product,3.9,238
Vision Express,3.9,238
Chennai Petroleum Corporation,4.6,238
KhataBook,3.6,238
GeeksForGeeks,2.9,239
KhataBook,3.6,238
PERSOLKELLY,3.4,238
Riviera Infraprojects,4.1,239
Sila Solutions,3.8,238
Riddhi Corporate Services,3.9,238
Entero Healthcare Solutions,4.2,238
Arkade Group,3.9,237
Deen Dayal Upadhyaya Grameen Kaushalya Yojana,4.0,237
Cogito Tech,2.5,253
Envestnet Asset Management,4.1,237
Mayfair Hotels & Resorts,4.3,237
Identifyplus Delivery Services,3.2,237
Starmark Software,3.3,237
Expertrons,3.8,237
Gen,4.0,236
VISA Steel,3.3,237
Apollo Pipes,3.9,237
Triveni Turbines,3.6,237
JWIL,4.1,237
National Securities Depository,3.3,237
Innova Captab,4.1,237
Sangam India,3.8,237
iServeU,4.3,237
SRM Institute of Science and Technology,3.8,237
SkillRecruit,4.4,237
Formidium Corp,2.8,237
Tesseract Imaging,4.0,237
Amantya Technologies,3.9,237
Mfar Constructions,3.5,236
Interocean Group,4.4,236
Kamineni Hospitals,4.1,237
Smc Insurance Brokers,3.5,236
Dataflow Group,3.0,236
Health Prime Services (India),3.3,236
11:11 Systems,3.4,236
ITW India,3.8,236
Carnival Cinemas,3.7,236
Galpha Laboratories,3.6,236
Simar Infrastructures,3.7,236
GlobusSoft,3.8,236
Mfar Constructions,3.5,236
Carnival Cinemas,3.7,236
Galpha Laboratories,3.6,236
ITW India,3.8,236
Avontix,3.5,236
Agappe Diagnostics,3.9,236
Filatex India,3.6,236
SA Infrastructure Consultants,3.5,236
Apollo 247,3.4,246
Radnik Exports,4.0,236
Covalent Laboratories,3.3,236
Kaveri Seed Company,4.0,235
Javi Systems,3.5,235
Koyo Bearings India,4.0,235
Fortune Park Hotels,4.0,235
Niit Foundation,3.9,235
Arvato,3.7,235
PIX Transmissions,3.8,235
Allen Solly,3.9,235
Vserve Ebusiness Solutions,4.2,235
Javi Systems,3.5,235
Koyo Bearings India,4.0,235
Fortune Park Hotels,4.0,235
Kanpur Plastipack,3.6,235
CLR Facility Services,3.7,235
Allen Solly,3.9,235
Chai Point,3.8,235
Arrise Bpo Solutions,3.5,235
Collman Services,3.8,235
Neudesic Technologies,4.1,235
WorkIndia,3.0,235
Pharmaceutical job,4.2,235
Chakr Innovation,3.4,235
Turner Construction,4.0,234
The BIM Engineers,4.3,234
Maruti Ispat And Pipes,3.7,234
NBCC,4.0,234
Simpolo Vitrified,4.0,234
Casio India Company,3.4,234
Indo German Tool Room,4.1,234
American Tower Corporation,3.9,234
Tirupati Group,4.1,234
Texas Review,4.1,234
Barmalt Malting,3.9,234
MQSYS Technologies,3.6,234
Shiva Pharmachem,3.7,234
FEV,3.4,234
Credgenics,4.0,234
Pinnacle Industries,3.5,234
Annova Solutions,3.8,233
Airblack,4.1,233
Indutch Composites Technology,3.6,233
ICICI Merchant Service,3.3,233
St. John's Medical College Hospital,4.1,233
Jeena Sikho Lifecare,4.0,248
IMSI,3.1,233
Galva Decoparts,3.5,233
Nagata India,3.8,233
CTM India Limited,3.4,234
Lenexis Foodworks,3.7,233
Antara Senior Care,3.3,233
Vaidik Eduservices,3.1,233
Sanghvi Movers,4.3,233
HAL Offshore,4.2,233
Verzeo,2.7,232
MUNDRA SOLAR TECHNOPARK,3.7,232
Neon Laboratories,4.2,232
Decorpot,3.1,232
NKC Projects,3.9,233
Xchanging,4.1,232
Ginger Hotels,4.0,232
Sears Holdings,2.9,232
Parle Elizabeth Tools,4.0,232
National Insurance Company,4.5,232
Focus Energy,3.5,232
SUGAR Cosmetics,3.8,232
University of Petroleum & Energy Studies,3.8,232
Bread Financial,3.8,232
Magnasoft Consulting India,3.4,232
Crown Solutions,3.7,231
Manubhai Jewellers,4.7,231
Harita Techserv,3.4,231
Autometers Alliance,4.4,231
PMEA Solar Tech Solutions,3.9,242
Vialto Partners,3.0,246
Webtel Electrosoft,3.7,231
Accentuate Business Solutions,3.5,231
Marathon Realty,3.9,231
Shalimar Corp,4.3,231
Star Engineers India,3.7,231
Weikfield Foods,3.3,232
Corecard Software,3.8,231
Rajasthan Patrika,3.3,231
Asian Institute of Medical Sciences,4.0,231
Pittie Group,3.0,231
The New India Assurance Co.,4.4,231
Futurz Staffing Solutions,3.6,231
Balaji Enterprises,4.4,231
Google Pay,3.6,231
OASYS Cybernetics,3.2,231
IVTL Infoview Technologies,3.5,230
QualiZeal,4.0,230
Vakilsearch,3.2,230
Linfox Logistics,4.1,230
Rasna,3.3,230
Leixir Dental Group,4.3,289
Intuit,3.3,230
Bihar Foundry and Castings Limited,4.4,231
Jaipur National University,3.1,230
Bull Machines,3.8,229
Pearl Global Industries,3.7,230
Link Group,3.8,230
Chandan Steel,3.4,230
TravelTriangle,3.5,230
Bombay Rayon Fashions,3.3,230
Reecomps Teleservices,3.8,229
Atibir Industries,3.3,229
Utkarsh Classes,4.1,266
Caliber Technologies,3.2,230
Infoesearch Ites,3.2,229
Government of West Bengal,3.5,229
Innoval Digital Solutions,4.7,229
Bekaert Industries,3.9,229
VHS Consulting,3.8,229
Safran Engineering Services India,3.1,229
Ajay Industrial Corporation,3.6,229
National Small Industries Corporation,3.9,229
Azim Premji Foundation,3.7,229
SLAP,3.8,229
Sanoh,4.2,229
NCL BUILDTEK,3.6,229
Broker Network,2.4,229
Naprod Life Sciences,3.5,229
Zifo RnD Solutions,3.7,228
Kroll,3.4,228
JAY JAY MILLS,4.1,228
Crest Data Systems,3.7,228
Fusion,3.1,229
TP Western Odisha Distribution,3.5,239
Omprime Technology Private Limited,4.0,228
M.J Global,3.9,228
Skechers,4.0,229
BillDesk,3.2,228
Ammann Apollo,4.0,228
Jaypee Hotels,3.8,228
Trivitron Healthcare,3.4,228
OneCard,3.5,228
Radius Global Solutions,2.8,228
SRM Technologies Pvt.Ltd,3.5,228
Dish Infra Services,3.2,228
Ratna Sagar,4.0,228
S Chand Group,4.1,228
Kapston Services,4.0,228
Jitm Skills,3.3,228
RASI SEEDS,4.0,227
Renata Precision Components,3.5,227
HMSHost,3.7,227
ADARSH DEVELOPERS,4.3,227
Army Ordnance Corps,4.8,228
Regalo Kitchens,3.7,227
Prompt Personnel,3.9,227
ILS Hospitals,3.6,227
Save the Children,4.4,227
Box8,3.4,227
Red Bull,4.0,227
Pontika Aerotech,3.6,227
SMS Pharmaceuticals,3.2,227
Lentra AI,2.9,230
Aachi Foods,4.1,227
ABCD,4.0,227
Parason Machinery,3.4,227
Virohan,3.9,227
Flash Viven Machining Technologies,3.6,227
MASAI School,4.3,227
Touchstone Educationals,3.4,227
Kwality Pharmaceuticals,3.8,228
Forvia,3.4,227
EVIO,3.9,227
ITI Finance,4.1,226
Scania,3.7,226
Agiliad,3.3,226
Vinove Software & Services,3.3,226
Concentrix Catalyst,3.1,226
EY-Parthenon,2.9,226
ITI Finance,4.1,226
Mantri Developers,3.4,226
Selectsys,3.7,226
Arkray Healthcare,3.6,226
AT&S,3.8,226
Reliance Home Finance,4.5,226
Premier Indoplast,4.0,226
Scania,3.7,226
Advantum Health,2.9,226
Cyrix Health Care,4.4,226
Excelra Knowledge Solutions,3.5,226
Vantive,4.5,226
Ceragon Networks,3.8,225
Gold's Gym,4.0,225
Games24x7,3.8,225
Reliance Money,4.3,225
La Renon Healthcare,4.2,225
CPM International,3.9,225
Radio Mirchi,3.4,225
Nova IVI Fertility,3.7,225
Evonith Value Steels,4.2,225
Tecnotree Convergence,3.1,225
LUX Industries,3.6,225
State Bank Operations Support Services,3.4,245
SunMax Auto Engineering,3.5,225
Gold's Gym,4.0,225
Games24x7,3.8,225
Ceragon Networks,3.8,225
Zydus Hospira Oncology,4.2,225
ION Group,2.8,225
Shorthills AI,3.8,225
APM Terminals,4.4,225
CP Plus,3.9,225
Linc,3.6,225
Niwas Housing Finance,4.0,236
Akkodis,3.1,225
Biotique,3.1,224
Affluent Global Services,2.9,224
Ivy Hospital,3.6,224
"Sanjay Ghodawat International School, Kolhapur",3.7,224
Infosearch BPO Services,4.2,224
MT Educare,2.9,224
American Oncology Institute,4.2,224
AABSyS IT,3.3,224
Beumer Group,4.0,224
Genzeon (India) Private Limited,3.9,224
Sami-Sabinsa Group,3.1,224
Kobelco Construction Equipment India,4.3,224
iD Fresh Food,4.2,224
Essel Group,4.2,224
Neolite Zkw Lightings,3.8,224
Centaur Billing,3.9,224
Sugam Parivahan,4.2,224
Vcare Call Center,3.6,224
Informatica Business Solutions,3.8,224
INFOSEC VENTURES,3.2,224
American Oncology Institute,4.2,224
iD Fresh Food,4.2,224
Dhandhania Infotech,3.2,224
Ritz-Carlton,4.0,224
Zota Health Care,3.6,224
Sugam Parivahan,4.2,224
Centaur Billing,3.9,224
Neolite Zkw Lightings,3.8,224
Scc Infrastructure,3.8,224
Finorchem Limited,3.8,224
Andhra Paper,3.7,224
Nordex India,3.9,224
Tide - Business Management Platform,3.7,224
GLA University,3.6,224
Kriti Industries,3.6,223
bebo Technologies,3.4,223
Om Innovation Call Services,3.6,223
The Indian Express,4.0,223
Pure & Cure Healthcare,4.0,223
Sears IT & Management Services India,3.1,223
Verifone,3.1,223
Impressico Business Solutions,4.5,223
Uniinfo Telecom Services,3.7,223
WEG,4.1,223
Nuance Communications,4.1,223
Kriti Industries,3.6,223
Pure & Cure Healthcare,4.0,223
bebo Technologies,3.4,223
Om Innovation Call Services,3.6,223
Sears IT & Management Services India,3.1,223
Umedica Laboratories,3.6,223
Eversana,3.3,223
Geetanjali Medical College and Hospital,4.2,223
The Indian Express,4.0,223
Gem Engserv,4.0,223
Successive Technologies,3.9,223
Reliance Smart Bazaar,4.0,224
Grb Dairy Foods,3.6,223
Albert David,3.5,222
Shankaranarayana Constructions,3.9,222
Innoplexus,4.0,222
WPIL,3.4,222
Archwell Operations,3.5,222
Promea Therapeutics,4.1,222
Shankaranarayana Constructions,3.9,222
Albert David,3.5,222
Aditya Birla Money,4.0,222
Maral Overseas,3.7,222
AbbVie Inc.,3.7,219
LinkedIn,4.0,222
Orange Mantra,3.7,222
Olympus,3.8,222
RSH Global,4.2,223
Med Manor Organics,3.5,222
Bank Muscat,4.1,223
Petrofac Engineering India,4.5,221
Sneha Farms,4.0,221
B4S Solutions,4.1,221
Bazar India,3.8,221
Precision Group,3.5,221
Narmada Bio Chem,4.8,221
ExpertCallers,3.6,221
Z1 Tech,4.2,221
Sand Martin Consultants,2.9,222
Petrofac Engineering India,4.5,221
B4S Solutions,4.1,221
Bazar India,3.8,221
Charak Pharma,3.6,221
Ga Digital Web Word,3.5,221
KPC Projects,3.9,230
Adani Airport Holdings,3.0,221
Balasore Alloys,3.1,221
Bo International,4.1,221
Rolta India,3.0,220
Lifelong India,3.9,220
JPM Group,3.8,220
Lubi Industries Llp,4.1,220
Kalyani Maxion Wheels,4.1,220
Globus Stores,3.7,220
Sarda Energy & Minerals,3.9,220
D'Decor Home Fabrics,4.1,220
Lifelong India,3.9,220
Jakson Green,4.4,220
JPM Group,3.8,220
Religare Finvest,4.3,220
Lubi Industries Llp,4.1,220
Zones Corporate Solutions,3.0,221
Pearl Precision Products,3.9,220
Globus Stores,3.7,220
Kalyani Maxion Wheels,4.1,220
Sarda Energy & Minerals,3.9,220
State Street Global Advisors,3.7,220
Orchid Chemicals & Pharmaceuticals,4.1,220
PIT Solutions,4.1,220
Essae Digitronics,4.1,220
Pha India,4.0,220
Veltris,3.7,220
Milk Mantra Dairy,3.7,220
AGILE AIRPORT SERVICES,3.8,220
Mehin,3.9,220
Wave Infratech,4.0,220
Hyva,3.8,220
Echs Polyclinic,4.2,220
Teerthanker Mahaveer University,3.3,220
VRC Constructions India,3.8,220
Kserve Bpo,4.5,219
Tata Housing Development Company,4.3,219
UPS Supply Chain Solutions,3.7,220
King George's Medical University,4.1,219
Steelman Telecom,3.8,219
Numerator,4.0,219
Elevate Services,3.2,219
Preethi Kitchen Appliances,3.9,219
Resonance Eduventures,3.8,219
Marine Electricals,3.6,219
MKCL,3.5,219
S&IB Services,3.9,219
Neogen Chemicals,3.9,220
BPL Medical Technologies,3.6,219
Learning Links Foundation,4.1,219
Learning Links Foundation,4.1,219
S&IB Services,3.9,219
United India Insurance Company,4.5,219
BPL Medical Technologies,3.6,219
Xplore-Tech Services,3.2,219
MKCL,3.5,219
VisionTek,3.5,219
Elevate Services,3.2,219
ICPA Health Products,3.2,219
Sewa Grih Rin,3.4,219
Boston Institute of Analytics,4.2,219
HEG,3.7,218
Shangri-la Hotels & Resorts,4.2,218
Merkle,3.4,218
Yaantra,3.7,218
Coastal Marine Construction & Engineering,4.2,218
Lapiz Digital Services,2.8,218
SRR Projects,4.1,218
EFKON INDIA,3.8,218
SIAC SKH India Cabs Manufacturing,3.8,218
Schott Poonawalla,3.5,221
Rustomjee Group,3.9,218
United India Insurance Company,4.5,219
SRR Projects,4.1,218
EFKON INDIA,3.8,218
Emirates Airlines,3.9,218
Epicor Software Corporation,3.2,218
Pattern Technologies,4.4,218
Purnartha Investment Advisors,4.1,218
20Cube Logistics,3.7,218
XenonStack,3.2,217
Blue Cross Laboratories,3.8,218
Sankey Solutions,3.9,217
Blazeclan Technologies,3.7,217
Faiveley Transport,4.0,217
Colourtex,3.8,217
Copart,3.1,217
MINISO,3.7,217
Steril Gene Life Sciences,3.8,217
ONLEI Technologies,4.9,217
Sedin Technologies,4.4,217
Man Industries,3.5,217
Stratosphere IT Services,3.2,217
Flex Technologies,4.0,217
SGB By BrandSafway,3.8,217
KNR Constructions,4.1,217
Mercurius Advisory Services,4.2,217
ZeMoSo Technologies,3.3,217
Hippo Homes,3.4,217
Cube Highways,4.3,217
KFA Consultant,1.3,216
Prithvi Innerwears Private Limited,4.8,216
Hinduja Group,3.8,216
Ibis,4.4,216
Patton International,3.6,216
Mayur Uniquoters,4.0,216
Techahead Software,4.0,216
Uni Cards,3.8,216
Software AG,4.3,216
Akbar Travels,3.4,216
Little Millennium,3.8,216
Unthinkable Solutions,2.7,216
Synthite Industries,4.1,216
Veolia,4.0,216
Texas Instruments,3.9,216
Sun Vacuum Formers,3.9,216
Ncc Urban Infrastructure,4.2,216
Innovapptive,4.3,216
Valenta AI Private Limited,4.3,216
Indo Nissin Foods,4.0,216
Shivam Infocom,4.3,215
Vensa Infrastructure,4.2,215
Moople Academy,4.1,215
Pothys,4.1,215
Prakash Industries,3.8,215
Forest Essentials,4.0,215
Jagsonpal Pharmaceuticals,3.6,215
Absolute Barbecues,4.0,216
The Co-operative Bank,3.8,215
Ichhapurti.com,2.4,215
Government Medical College,4.0,215
SKETS Studio,3.6,215
Garden Silk Mills,3.6,215
Droom,3.3,215
Mitsui O.S.K. Lines,4.0,215
SrinSoft Technologies,3.9,215
RAXA,4.3,215
OPG Mobility,3.1,215
Shri Mahavir Ferro Alloys,3.4,220
Knest Manufacturers,3.4,215
MidasCare Pharmaceuticals,3.6,215
Programmers.io,4.1,215
OneBanc Technologies,4.8,215
Metro Brands,3.7,215
PrepLadder,2.8,215
SAVA Healthcare,3.8,215
BeatO,3.2,215
Algoworks Technologies,3.3,214
Bosch Power Tools,4.2,214
ExcelSoft Technologies,3.4,214
AGIO Pharmaceuticals,3.0,218
South Eastern Coalfields,4.3,214
The Mission Hospital,3.9,214
Fortis Memorial Research Institute,3.9,214
Bosch Power Tools,4.2,214
Algoworks Technologies,3.3,214
BMW Industries,3.5,214
City Montessori School,3.4,214
ExcelSoft Technologies,3.4,214
Fragomen Immigration Services,3.5,216
TPI Composites,4.3,214
Flyhomes,4.3,214
Netaxis IT Solutions,3.7,213
Marquardt,3.7,214
Dr Mohan's Diabetes Specialities Centre,3.6,214
Teachers Insurance and Annuity Association of America,3.8,214
Taggd,3.4,214
Cogent,3.3,214
Kanoria Chemicals & Industries,3.9,213
Ishan Technologies,3.7,213
Galaxy Weblinks,3.9,213
Ramky Group,4.3,213
Ananth Technologies,3.9,213
Scyo Decision Services,4.5,213
Kanoria Chemicals & Industries,3.9,213
Tricon Infra Buildtech pvt.Ltd,3.0,213
Enser Communications,2.8,213
Walter Bushnell,3.2,213
Root Industries,4.0,213
Meditab Software,3.2,212
Rapid Care Transcription,4.4,213
Bondada Engineering,3.6,213
Biostadt,4.2,213
Chrysalis High,4.0,213
Zamil Air Conditioners,4.0,213
GENWORKS Health,3.2,213
InMobi,3.2,213
Matix Fertilisers & Chemicals,3.6,213
Aia Engineering,4.1,214
Tata CLiQ,3.1,213
Hindustan PowerProjects,3.8,212
All India Radio,4.4,212
Excellon Software,4.2,212
RegisterKaro,3.6,212
WeRize,3.2,225
Anri Solutions HR Services,4.1,212
Jyoti Structures,4.0,212
Walter Bushnell,3.2,213
Bondada Engineering,3.6,213
Cleartrip,3.5,212
Cordlife Sciences India,3.5,212
TATA MEDICAL CENTER,3.7,212
Ensure Support Services,4.3,212
SkillVertex,3.3,212
BridgeLabz Solutions,3.4,212
Krishnapatnam Port,3.8,212
VISTRA INTERNATIONAL EXPANSION,3.3,212
Square Bpo Services,3.3,212
Red FM 93.5,3.8,212
Chaitanya Projects Consultancy,3.9,212
Chaitanya Projects Consultancy,3.9,212
Indo Rama Synthetics (i),3.6,211
Fernandez Hospital,4.4,211
Torque Pharmaceuticals,3.8,211
Satyesh Brinechem,3.2,211
Chhatrapati Shivaji International Airport,3.5,211
Kinetic Green Energy And Power Solutions,3.1,211
Nahars Engineering India,3.3,212
Ileads Auxiliary Services,3.0,211
Ganit Inc,3.9,211
MEDICO Healthcare Services & Technologies,3.1,211
Rajan Technocast,4.7,211
Spacewood,3.4,211
Qdigi Services,3.3,211
Flair Writing Instruments,3.7,211
HEPL - A Cavinkare Group Company,3.4,211
Savita Oil Technologies,4.1,211
Kalyani Forge,3.7,211
Elsamex Maintenance Services,4.1,211
ARB Bearings,3.5,211
Grass Roots Research & Creation,4.7,210
Pie Infocomm,4.5,210
KPR Mill,3.9,210
Third wave Coffee Roasters,3.6,210
Inchcape Shipping Services,3.4,210
Analytix Business Solutions,3.4,210
TLC DigiTech Private Limited,3.1,210
Chiripal Poly Films,4.0,210
Helmerich & Payne,3.8,210
Ashok Iron Works,3.4,210
Khanna Paper Mills,4.0,210
Integrated Personnel Services Limited,4.0,210
WovVTech,4.1,210
MMTC-PAMP,3.7,210
Verticurl,3.1,210
Cotecna Inspection India,3.6,210
Pradhan Mantri Kaushal Vikas Yojana,4.0,210
Anlage Infotech,3.2,210
Gensol Engineering,3.7,210
Microlink Solutions,3.9,210
SITA,3.8,210
Dunnhumby,3.8,210
Information Services Group,3.8,210
Qi Spine Clinic,3.0,210
Relevantz Technology Services,3.6,210
Navitas Life Sciences,3.6,210
Putzmeister Concrete Machines,3.6,210
Lauren Information Technologies,3.6,210
SPRAY ENGINEERING DEVICES,4.2,210
Ebixcash World Money,3.6,210
Garware Hi-Tech Films,3.9,210
John Crane Sealing Systems India,3.5,210
Sterling Talent Solutions,3.7,210
Anand CY Myutec Automotive,3.5,210
Paramatrix Technologies,4.0,209
SpeedLabs,3.6,209
Ecolab,3.5,209
Country Club India,3.4,209
RAKS Pharma,4.3,209
BetterPlace Safety Solutions,3.5,209
ASSA ABLOY,3.4,208
Paramatrix Technologies,4.0,209
Tci Freight,4.1,209
Ts Tech Sun India,4.1,209
Special Technical Services,4.1,210
Tps Infrastructure,4.2,209
Axio,3.7,209
TEOCO Software,3.8,209
SpeedLabs,3.6,209
Ecolab,3.5,209
RAKS Pharma,4.3,209
BetterPlace Safety Solutions,3.5,209
Country Club India,3.4,209
Ventra Health,3.1,209
NOVO Medisciences,3.4,209
EagleBurgmann,4.2,209
Manipal Business Solutions,3.6,209
Indo National Limited (Nippo),4.2,209
Ankura Hospital,3.8,209
MeritNation,3.2,208
EMCO,3.7,208
Koye Pharmaceuticals,3.2,208
AWC Software,3.8,208
Carzonrent,3.2,208
Jagran Prakashan,3.7,208
Maxinfra,4.0,209
Prime Focus,3.9,208
Su-Kam Power Systems,3.3,208
Innovalance Learning Systems,3.2,208
IDMC,3.7,208
RateGain,3.8,208
HOLITECH INDIA,4.1,208
Centillion Solutions and Services,4.0,209
Girnar Care,3.4,211
SAMCO Securities,3.9,208
International Certification Services,3.3,208
MaRS Planning & Engineering Services,3.9,208
Cummins Generator Technologies,4.1,208
ContinuServe Softech India,3.2,208
HTL,3.5,208
EMCO,3.7,208
Koye Pharmaceuticals,3.2,208
Gujarat Narmada Valley Fertilizers & Chemicals,4.3,208
Beri Udyog,3.8,208
Ziff Davis Performance Marketing,3.6,208
Emami Frank Ross,3.7,208
Girnar Care,3.4,211
SAMCO Securities,3.9,208
Maxinfra,4.0,209
Vishnu Chemicals,4.0,208
Pradan,3.8,208
IDMC,3.7,208
Innovalance Learning Systems,3.2,208
OSI Digital,3.5,208
CyberSWIFT Infotech,3.0,208
UL Solutions,3.9,208
Texspin Bearings,4.1,208
Shaw Toyota,4.9,208
Consilio,3.7,208
AARGEE STAFFING SERVICES,3.7,208
FAIRWAY ENTERPRISES,3.9,208
BoAt,4.3,223
Development Consultants,3.3,207
AYM Syntex,3.5,207
Zinnov Management Consulting,3.3,207
Career Launcher,3.7,207
Yashi Consulting Services,3.3,207
COWI,4.1,207
Aneja Associates,3.2,207
YouTube,4.5,207
Vidya Mandir Classes,3.4,207
NATIONAL SKILL DEVELOPMENT CORPORATION,3.5,207
Crimson Interactive,2.6,207
Rotostat Services,3.8,207
Rubamin,3.9,208
Mold-Tek Technologies,3.4,207
Wanbury,3.4,207
Ajax Engineering,4.0,207
TP Southern Odisha Distribution,3.4,207
Airtel Africa,2.9,207
Govt. Medical College,4.2,207
John Deere Financial,4.3,207
Amrita Vishwa Vidyapeetham,3.7,207
Rubamin,3.9,208
Airtel Africa,2.9,207
Geo Chem Laboratories,3.8,207
C DOT,3.7,207
Moreish Food,3.2,207
DAZN,2.5,207
Vivifi India Finance,3.5,207
Travel Boutique Online,3.3,207
Aziro (formerly MSys Technoloigies),3.8,207
Biryani By Kilo,4.2,206
Ayesa,4.0,206
Fleet Management,4.0,206
DelaPlex Software,4.1,206
ACME Group,4.6,206
Wardwizard Innovations & Mobility,3.4,206
Turito,3.0,206
Bilt Graphic Paper Products,3.7,206
LNV Technology,3.8,206
Graviti Pharmaceuticals,3.1,206
Mark's,4.0,206
Al Ahleia Switchgear,3.5,206
Fleet Management,4.0,206
ACME Group,4.6,206
DelaPlex Software,4.1,206
Wardwizard Innovations & Mobility,3.4,206
Turito,3.0,206
CallHealth,3.5,206
Bikaji Foods,4.1,206
Teleone,3.6,206
Rossari Biotech,3.8,206
Jindal Worldwide,3.5,206
Bodal Chemicals,3.5,206
Kh Exports,3.9,205
Apex Hospital,4.0,205
Elofic Industries,4.0,205
Data Patterns,3.4,205
Alpha Design Technologies,3.6,205
Mining Engineering Services,3.7,205
Eternis Fine Chemicals,3.3,205
Continental Hospitals,3.9,205
KisanKraft Machine Tools,3.3,205
Mitsubishi Heavy Industries,4.3,205
Lingaya's Vidyapeeth,4.6,205
Prem Henna,3.4,205
Bombay Dyeing,3.8,205
Kh Exports,3.9,205
Bsr Infratech India,3.8,205
Praxis home Retail,4.3,205
Abante Integrated Management Services,4.2,205
BPO+,4.3,205
Apex Hospital,4.0,205
Modicare,4.1,205
ACT Plast Paints,3.8,205
Elofic Industries,4.0,205
Data Patterns,3.4,205
Toppan Merrill,3.8,205
Alpha Design Technologies,3.6,205
Supreme Treon,4.0,205
AISATS,3.4,205
Tbea Energy,3.8,205
Stashfin,3.8,205
MyCaptain,3.6,205
Oasis Fertility,3.9,206
OptimHire,3.6,205
Dr Oetker,4.2,205
Magicrete Building Solutions,3.8,205
Aarti Pharmalabs,3.7,226
Soothe Healthcare,3.4,205
Keolis Hyderabad Metro,3.9,205
Brainium Information Technologies,3.8,205
ASP OL Media,4.0,205
Rohan Motors,3.6,205
Futaba Industrial Gujarat,4.5,204
Northern Arc Capital,3.7,204
Fulcrum Digital,3.4,204
Lokesh Machines,3.7,204
Kopran,3.7,204
Shriram Fortune Solutions,3.6,204
Shopclues,3.3,204
Northern Arc Capital,3.7,204
Vedika Credit Capital,3.5,204
Infiiloom,3.2,204
ITCube Solutions,3.0,204
Quest Global Technologies,3.4,204
CRB Tech Solution,3.7,204
ATS Homekraft,4.1,204
REI Systems,3.9,204
Lokesh Machines,3.7,204
Fulcrum Digital,3.4,204
Kopran,3.7,204
Kerakoll,4.2,204
Orthosquare Dental Clinic,4.6,204
AGROCEL INDUSTRIES,4.4,204
inMorphis Services,4.1,204
Jay Ushin,4.0,204
Motion Education,3.4,204
Bhima Gold,3.8,204
Bajel Projects,4.2,204
Keertana Finserv,3.3,204
Armstrong Robotics & Technologies Private Limited,3.9,204
Svatantra Micro Housing Finance Corporation Limited,3.9,204
Sahajanand Laser Technology,3.2,203
Quest Diagnostics,4.4,203
Orange Retail Finance,3.8,203
Shanthi Gears,3.3,203
Navigators Software,4.2,203
Izmo,3.0,203
Raheja Developers,2.6,203
Mol Information Processing Services India,3.4,203
Videojet Technologies,3.8,204
Andhra Pradesh State Skill Development Corporation,3.9,203
S.c Johnson Products,4.1,203
Hgs Services,3.7,203
ProcMart,3.6,204
Gulbrandsen,4.1,203
First Citizens India,3.9,203
Sterling and Wilson Renewable Energy,4.2,203
Montra Electric,3.7,203
SAS,4.2,203
Network Intelligence India,3.2,203
Reserve Bank Information Technology,3.3,203
Kazo Fashion,3.3,202
Peps Industries,4.0,202
Matter Motor Works,3.5,202
Vishay Components,4.2,202
Radhakrishna Foodland,3.8,202
Sagitec Solutions,3.2,202
Petronas Lubricants,3.2,202
Parker Hannifin,3.7,202
Mazars,2.9,202
Upstox,3.5,205
Country Inns & Suites,4.1,202
CONTUS TECH,4.2,202
Milan Laboratories India Private Limited,3.8,202
BTL EPC LTD,3.6,202
NMIMS,3.6,202
NGK Spark Plugs,4.1,202
Vishay Components,4.2,202
Parker Hannifin,3.7,202
Petronas Lubricants,3.2,202
Utkal Alumina International,4.2,202
Mazars,2.9,202
BTL EPC LTD,3.6,202
Sagitec Solutions,3.2,202
Radhakrishna Foodland,3.8,202
Upstox,3.5,205
ORISSA METALIKS,3.8,202
Tokai Imperial Rubber India,3.9,202
Janatics India,4.1,202
Artech,3.1,202
Vnr Seeds,3.9,202
Pran Beverages India,3.7,202
Emirates Flight Catering,4.3,202
Transaction Solutions International (India) Pvt Ltd,3.9,202
GEETANJALI HOMESTATE,3.7,201
SSEM,3.3,201
MSC Technology India,4.0,201
Hi Tech Informatics,3.5,201
Ascendum KPS,3.6,201
MSC Technology India,4.0,201
ARaymond,4.1,204
GEETANJALI HOMESTATE,3.7,201
Rama University,3.3,201
SMC Power Generation,3.6,201
HIVELOOP LOGISTICS,4.2,201
Fisdom,3.3,201
Simform,3.7,201
Connectwell Industries,3.7,201
Tata Lockheed Martin Aerostructures,3.9,201
ZKTeco Biometrics,3.0,201
DigiCall Teleservices,4.0,200
Bharat Broadband Network,3.8,200
Skypro Technologies,3.4,200
Parijat Industries (India),4.0,200
Codeyoung,3.6,209
Vinculum Solutions,2.4,200
Groupe Lactalis,3.5,200
Jesons Industries,3.5,200
Dhampur Sugar Mills,4.0,200
Bharat Broadband Network,3.8,200
Kama Ayurveda,3.9,200
Codeyoung,3.6,209
Ramoji Film City,4.1,200
Roulunds Braking,3.6,201
Josh Talks,4.2,200
Skypro Technologies,3.4,200
Parijat Industries (India),4.0,200
Vinculum Solutions,2.4,200
SmartStream Technologies,3.5,200
InSync Analytics,2.5,200
Groupe Lactalis,3.5,200
Network Techlab,3.6,201
Sakura Autoparts,3.7,200
iLink Digital,2.9,201
MAKEEN Energy,3.8,200
Prologic Web Solutions,4.0,200
Skandhanshi Infra Projects,4.3,200
Pacific Development Corporation Limited (Pacific Group),3.5,200
MAKEEN Energy,3.8,200
Skandhanshi Infra Projects,4.3,200
Shirdi Sai Electricals,3.6,200
Ways2excel,4.4,199
Raksha TPA,4.1,199
Sapphire Software Solutions (India),4.4,199
Praxair,4.1,199
Gleeds Consulting (India) Pvt. Ltd,4.2,199
Hidesign,3.2,199
Deep Industries,3.7,199
Primary Health Centre,4.3,199
Emiza Supply Chain Services Private Limited,3.5,199
Drools,3.3,199
Haldiram's Prabhuji,2.9,199
Alghanim International,4.2,199
Aditi Consulting,3.4,199
Experion Developers,4.7,199
Sendan International Co,2.1,199
eligarf Technologies,3.9,199
Gleeds Consulting (India) Pvt. Ltd,4.2,199
Haldiram's Prabhuji,2.9,199
Wings Biotech,3.2,199
Deep Industries,3.7,199
Hidesign,3.2,199
Masu Brakes,3.4,199
Amphenol Fci,3.8,199
TP Northern Odisha Distribution,3.6,199
Igarashi Motors,3.8,199
Smart Energy Water,2.9,199
UST BlueConch Technologies,3.6,199
Prozo,3.3,199
Colorbar Cosmetics,3.9,199
Avaali Solutions,4.4,199
St Regis,4.2,198
ReGen Powertech,3.7,198
Embio,3.8,198
WinWire,3.2,198
TransPerfect,2.9,198
Providence Global Center,3.6,199
IDBI Capital,3.6,198
Crossword Bookstores,3.7,198
Sigma Freudenberg NOK,4.1,198
Avis,3.7,198
Aress Software and Education Technologies,2.6,198
Mfine,3.7,198
Six Sigma Soft Solutions,3.5,199
Corrival Corporate Services,4.2,198
IIMT Group of Colleges,4.2,198
Rishabh Instruments Limited,3.7,198
Sanmar Group,3.7,198
TRIGO Group,2.7,198
Besant Technologies,3.7,198
PagarBook,3.6,198
UFO Moviez,3.0,198
Logicon Facility Management,3.3,198
KC Overseas Education,3.6,198
ECOS (I) MOBILITY & HOSPITALITY,4.0,198
Ami Polymer,3.6,198
Tresor Systems,3.6,198
IIMT Group of Colleges,4.2,198
Tresor Systems,3.6,198
Aress Software and Education Technologies,2.6,198
Crossword Bookstores,3.7,198
Symphoni HR,4.0,198
Caretel Infotech,3.4,197
Doubletree By Hilton,4.0,197
Loconav,3.0,197
Volksoft Technologies,4.3,197
Dalmia-OCL,3.8,197
Ajmera Realty & Infra India,4.5,197
Bharat Institutions,3.3,197
Hy Gro Chemicals Pharmtek,3.9,197
TechStar Group,4.2,197
Taikisha Engineering India,3.9,197
Wingreens Farms,4.0,197
Puthur Infotech,3.6,197
TomTom,4.0,198
MBL Infrastructure Limited,3.7,200
Lakshmi Life Sciences,3.9,197
Puthur Infotech,3.6,197
Exel Rubber,4.0,197
Taikisha Engineering India,3.9,197
PEARCE SERVICES,3.3,197
Dalmia-OCL,3.8,197
Bharat Institutions,3.3,197
Ajmera Realty & Infra India,4.5,197
Hy Gro Chemicals Pharmtek,3.9,197
DGS Technical Services,3.1,197
The Cosmos Co-operative Bank,3.5,197
Enmas O & M Services,4.2,197
Army Medical Corps,4.8,197
Cloud Analogy,3.9,211
Oxyzo Financial Services,3.3,197
MKU,3.4,197
dsm-firmenich,4.1,196
Arihant Superstructures,3.5,196
Globus Spirits,3.9,196
Kalyan Toll Infrastructure,4.2,196
Beyond Key,4.3,196
Paytm Money,3.2,196
Mashreq Bank,3.1,197
Amelia,3.4,192
Arihant Superstructures,3.5,196
dsm-firmenich,4.1,196
Srg Housing Finance,4.0,196
Samkwang India Electronic,3.2,196
Kalyan Toll Infrastructure,4.2,196
Ohmium,3.1,196
Beyond Key,4.3,196
E Pack Polymers,3.8,196
Globus Spirits,3.9,196
Pilot Industries,3.5,196
Dayal Fertilizers,3.8,196
Adhaan Solutions,3.8,197
Entertainment Network India,3.5,196
Rajapushpa Properties,3.8,197
Paychex IT Solutions India,3.3,197
Kirloskar Technologies,4.1,196
Merkle Sokrati,3.7,192
Rudrabhishek Enterprises,3.2,195
VIS Networks,3.9,195
IIHT,3.6,195
i-exceed technology solutions,2.7,195
Simplify Healthcare,2.7,195
Food Corporation of India,4.1,195
Colruyt Group,3.8,196
Beckman Coulter,3.5,195
Hyundai Engineering,3.9,195
Bhutani Group,4.3,195
Exeltis,4.0,195
Prasol Chemicals,3.5,195
Hospet Steels,3.6,195
India Pesticides,3.9,195
Revolt Motors,3.3,195
Itvedant Education,4.0,195
Extentia Information Technology,3.5,195
InfoService,4.1,195
Pin Click,2.8,195
Marengo Asia Hospitals,4.0,195
PP Rolling Mills,3.9,195
NSL Textiles,4.0,195
Tata Asset Management Private Limited,3.8,196
Roots Multiclean,3.9,195
Blowhorn,3.3,195
Maahi Milk Producer Company,4.2,195
Timex Group India,3.9,195
Sleepwell,4.2,195
Comcast India Engineering Center,3.8,195
Embassy Services,3.9,197
Schreiber Dynamix Dairies,4.0,195
S.R.Batliboi & Co.,3.0,195
Frontizo Business Services,3.5,195
OnMobile Global,3.4,195
Vrinsoft Technology,4.6,195
IILM,4.0,194
Black & Veatch,4.1,194
Nutanix,3.6,194
Manika Plastech Private Limited,3.9,194
Luthra Group Company,4.2,194
Service Master Clean,3.9,194
JNET Technologies,3.7,194
Alp Nishikawa,4.1,194
DTC Projects,3.9,194
Modern Business Solutions,3.7,194
Lizmontagens India,4.1,205
DE Shaw,3.6,194
Infojini,3.0,194
Destek Infosolutions,4.1,194
Biophore India Pharmaceuticals,3.2,194
Ushodaya Enterprises,4.1,194
IG Petrochemicals,3.5,194
Gulf Spic General Trading & Contracting Company,3.5,194
Odisha Power Generation Corporation,3.8,194
DST Worldwide Services,4.2,194
SCIO Management Solutions,4.3,194
Zen3 Info Solutions,3.9,194
Autoline Industries,3.5,194
Margadarsi Chit Fund,3.8,195
Sri Ramachandra Institute of Higher Education and Research,3.9,194
VDart,4.0,194
Ludhiana Beverages,3.9,194
SACHA Engineering,3.4,194
Svasti Microfinance,4.0,194
Getix Health,3.8,194
Go Speedy Go,4.5,195
Ganesh Grains,3.3,194
Green Park Hotels,4.2,194
Orbit Techsol,3.6,195
Venus Home Appliances,4.1,194
ICE Data Services,3.3,194
Valethi Technologies,3.1,194
DevTown,3.7,193
Anu Industries,3.4,193
Bharat Oman Refineries,3.9,193
Indobevs,3.9,193
Cerium Systems,2.8,193
Pratibha Industries,4.4,193
Eurofins Scientific,3.2,193
Philip Morris International,4.2,194
Clarion Technologies,3.8,193
Accord Synergy,3.2,193
Amentum,3.8,187
Cholayil Private Limited,4.1,193
In2IT Technologies,3.2,194
Arvind Techno Engineers,4.0,193
RJ Corp,4.3,193
Techmagnate,4.2,194
Tm Automotive Seating Systems,3.5,193
Windsor Machines,4.1,193
SEW Eurodrive india,4.2,193
Jubilant Motorworks,4.0,193
China State Construction Engineering Corporation,3.9,193
Kohler Power,4.0,194
Astec LifeSciences,3.7,193
RLabs Enterprise Services,3.0,193
DAIMLER TRUCKS ASIA,3.8,193
SCON Projects,4.5,193
Apache Footwear,3.6,193
CENTRUM HOUSING FINANCE,4.0,193
Google Maps,4.8,193
AccSource KPO,3.2,193
Abu Dhabi National Hotels,4.0,193
Hurix Digital,3.1,193
Linux Laboratories,3.7,193
Marathon Electric India,3.5,193
Ksolves India Limited,3.0,193
Abellon Clean Energy,3.0,193
DNEG CREATIVE SERVICES,3.0,193
NullClass,3.6,193
Al-Futtaim Group,3.9,192
Vijay Tanks & Vessels,4.2,192
OEN India,4.1,192
A3logics,3.6,192
Indel Money,3.9,192
CodSoft,3.8,192
FedServ,3.6,194
NMDC Steels,3.8,192
Manitou Equipment India,4.3,192
Nyx-medical Solutions,3.2,192
Nuance Transcription Services,4.1,192
Godrej Appliances,3.7,192
Maharaja Agrasen Hospital,3.7,192
Medecins Sans Frontieres,4.3,192
AXIS Solutions,3.4,192
Jagran New Media,3.3,192
Adcock Ingram,3.9,192
Cadsys,3.5,192
Knoldus Inc,3.8,192
Affine,3.3,192
Cosmos Impex,4.2,192
Laxmi India Finleasecap,3.8,198
Vensure Employer Services,3.8,192
Vegrow,3.8,192
Three D Integrated Solutions Ltd,3.1,192
Flender,3.7,192
Marolix Technology Solutions,2.8,192
Air India Express,3.3,192
Axalta Coating Systems,4.0,192
Brnd.Me,3.7,192
Jindal (India) Limited,4.0,192
Liebherr Appliances India,4.0,191
Oswal Castings,3.6,191
Motorola Solutions,3.9,191
Hi-Tech,3.7,191
Ruby General Hospital,3.3,191
Sun Direct TV,3.8,191
University Living Accommodation,3.9,191
Exponentia.ai,3.7,191
ICT Service Management Solutions,3.4,191
IntelliSmart Infrastructure,3.6,192
Japfa Comfeed India Private Limited,3.7,191
The Chennai Silks,3.5,191
Shipco It,3.6,191
Jasmin Infotech,3.9,191
Apps Associates,3.8,191
AB Mauri India,3.9,191
CETPA InfoTech,3.5,191
Sula Vineyards,4.1,191
Solugenix India Private Limited,3.1,191
Oasis Infobyte,4.1,192
Nipro India Corporation,3.3,191
Vertafore,3.8,191
Tonglit Autogistic,3.7,191
Green Gene Enviro Protection And Infrastructure,3.5,191
Anion Healthcare Services,3.9,191
SOS Children's Village,3.4,191
Empower Pragati,3.7,190
HeyCoach,4.0,190
Ester Industries,4.0,190
Competition Team Technology,3.6,190
Epitome Components,3.3,190
Godrej Capital,3.5,217
Repro India,3.3,190
Radheya Machining,3.6,190
Zydus Pharma,3.7,190
Jabsons Foods,4.0,190
Clean Science And Technology,3.5,190
Gennova Biopharmaceuticals,4.3,190
Webasto Roofsystems India,3.9,190
Godrej Capital,3.5,217
Stats Perform,3.5,190
Epson,4.2,190
Radheya Machining,3.6,190
Competition Team Technology,3.6,190
Clean Science And Technology,3.5,190
Webasto Roofsystems India,3.9,190
Jabsons Foods,4.0,190
Zydus Pharma,3.7,190
Gennova Biopharmaceuticals,4.3,190
Talentica Software,4.1,190
Mangalam Landmarks,4.7,190
ILJIN AUTOMOTIVE,3.6,190
Mantra Softech,3.9,190
The Souled Store,3.2,190
Karuna Greentech,4.5,189
Neosym Industry,3.9,189
EDR Continuous Information,2.9,192
Monnet Group,4.5,189
One Point Solutions,3.2,190
Tirupati Medicare,4.4,189
Nippon Data Systems,3.6,189
Iron Systems,3.3,189
Advids,3.7,189
Bhansali Engineering Polymers,3.4,190
Hoonartek,3.5,189
VAYA Finserv,4.0,189
Bullmen Realty,3.1,189
Tecumseh Products,3.4,189
Reventics,3.9,189
Sahyadri Industries,3.3,189
Redington Group,3.9,189
Integrated Resources,3.8,189
Sheth Creators,3.1,189
Monocept,3.4,189
DSM Infocom,2.7,189
Illusion Dental Laboratory,3.3,189
Expeditors International,3.8,189
NIMS University,2.9,189
J Mitra And Co,3.8,189
Illusion Dental Laboratory,3.3,189
IRIS KPO Resourcing,3.8,189
DSM Infocom,2.7,189
Tata Institute of Social Sciences,4.3,188
Icl Fincorp,3.2,188
Laxmi-Agni Components and Forging,3.6,188
Dew Solutions,3.5,188
SmartWorld Developers,4.2,188
Primus Techsystems,3.4,188
Aeon Credit Service,3.4,188
Arabtec Construction,4.7,187
Hubergroup,3.9,188
Krishi Rasayan Exports,3.9,188
"L&T Construction, Mining and Industrial Machinery",4.0,188
DS-MAX Properties,3.5,188
Timezone Entertainment,3.5,188
CDM Smith,3.5,188
Ducat,3.4,188
Cogniter Technologies,3.4,188
Rexel,3.6,188
Kayjay Forging,3.6,188
Ministry of Home Affairs,4.2,188
Acma Computers,3.3,188
HPM Chemicals & Fertilizers,4.2,188
E2logy Software Solutions,4.1,188
CoLive,3.9,188
Gulf Asia Contracting,3.3,188
Kiran Foreign Trade,3.0,188
Toto India Industries,3.8,188
Deutsche Telekom Digital Labs,3.6,202
Jayanita Exports,3.5,188
insightsoftware,3.6,188
CapitalVia,4.0,187
CIGNEX,3.9,187
Royal Cyber,3.3,187
Mentorsity,4.4,187
Gameskraft,4.2,187
Edunext Technologies,3.4,187
Oliva Skin and Hair Clinics,3.8,187
Paranjape Schemes (Construction) Limited,3.2,187
Emversity,4.0,187
Delhi World Public School,3.6,187
Mitsubishi Power India,4.4,187
Dmi Housing Finance,4.0,187
Kumaran Systems,3.4,187
Azure Hospitality,4.0,187
Emirates NBD,2.8,187
Mobile Premier League,3.7,187
DB Engineering & Consulting,4.2,187
i-Source Infosystems,3.7,187
SPJ group,4.1,187
Ican BPO,4.4,186
FreshersNow,4.0,186
Systopic Laboratories,4.4,186
Object Technology Solutions,3.8,186
Agrim,2.9,186
House Of Diagnostics,4.1,186
Cheema Boilers,4.2,186
CloudMoyo,4.0,186
Sims Hospital,3.9,186
Param Renewable Energy,3.9,190
M*Modal,3.6,186
Government of Bihar,3.5,186
Biorad Medisys,3.8,186
Fortune Marketing,3.7,186
Eglo India,3.3,186
KayBee Bio Organics,3.8,186
R-Logic Technology Services,4.1,186
Maharishi Markandeshwar University,3.6,186
Massive Restaurants,3.9,186
Vmoksha Technologies,4.5,186
Goibibo,2.6,186
BookMyShow,3.7,186
Soch Apparels,4.4,186
Amtex Systems,3.0,186
LawSikho,4.0,186
LS Automotive India,3.5,186
Truemeds,3.5,186
BGD Tech PVT LTD,4.3,186
Danblock Brakes,3.9,186
Truemeds,3.5,186
Tata Main Hospital,3.8,185
Meritto,3.4,185
ACUTAAS CHEMICALS LIMITED,3.7,185
Ubique Systems,3.8,185
Zuari Agro Chemicals,3.9,185
Value Rcm Solutions,4.1,185
HLE Glascoat,3.3,185
Modern Automotives,3.8,186
Privi Speciality Chemicals,3.8,185
Fermenta Biotech,4.2,185
ARC Document Solutions,2.8,185
Hotel Parle International,3.8,185
Ginni Filaments,3.9,185
INDIA TODAY GROUP,3.6,185
Profinch Solutions,3.5,185
World Health Organization,3.9,185
Aditya Anagha Multi State Credit Co-Operative Society,4.8,185
PS Group,3.7,185
Gokul Agro Resources,3.8,185
Zuari Agro Chemicals,3.9,185
ARC Document Solutions,2.8,185
Ubique Systems,3.8,185
Value Rcm Solutions,4.1,185
NTC Logistics India,4.1,185
Lubrizol Corporation,4.2,185
Profinch Solutions,3.5,185
NRP Projects,4.0,185
Tech Mahindra Foundation,4.1,185
Open Financial Technologies Private Limited,3.2,185
Salasar Techno Engineering,4.1,185
Enrich Hair And Skin Solutions,3.6,185
Hyundai Heavy Industries,3.7,184
Biesse Manufacturing,3.6,184
INFRES METHODEX,3.2,184
Hogarth Worldwide,3.4,184
Futurism Technologies,3.6,184
Capricorn Logistics,3.6,184
Nandi Toyota,3.8,184
Gangavaram Port,3.4,184
ASK-EHS Engineering & Consultants,3.6,184
Stedman Pharmaceuticals,4.1,184
Roha Housing Finance,3.6,184
HEUBACH Colour,4.0,184
Fabtech Projects & Engineers,3.8,184
Inteva Products,3.6,184
International Travel House,3.9,184
TALENTEDGE,3.2,184
Eagle Infra,4.0,188
Bygging India,3.9,185
Accutest Research Laboratories,3.2,184
L&T Infrastructure Development Projects,4.0,184
Lumiq,3.3,184
CPC Diagnostics,3.7,184
Walstar Technologies,4.1,184
Carwale,3.4,184
Programming.Com,3.5,184
UTI Asset Management Company,3.8,184
NexTurn,3.9,184
Psychotropics India,3.9,184
Kumar Organic Products,3.6,184
Celon Laboratories,3.4,184
Gates,3.7,184
Zentiva,4.2,184
Sunera Technologies,3.5,183
Towell Engineering Group,3.7,183
Four Seasons Hotel,3.8,183
Godrej Tyson Food,4.0,183
Overseas Health Care,3.1,183
The Hindu Group,3.8,184
Krystal Integrated Services Limited,4.1,183
JK Agri Genetics,3.6,183
Target Engineering Construction Company,3.9,183
Virbac Animal Health,4.1,183
Mukand Sumi Special Steel,3.7,191
Solverminds Solutions and Technologies,3.3,183
APOLLO POWER SYSTEMS,3.8,183
Ambuja Cement Foundation,3.9,183
Celio Future Fashion,4.5,183
C.G. Marketing,4.0,183
Krystal Integrated Services Limited,4.1,183
JK Agri Genetics,3.6,183
Target Engineering Construction Company,3.9,183
CivilMantra Infracon Private Limited,3.8,190
Symed Labs,3.7,183
Kundan Group,3.2,183
AlmaBetter,3.8,183
Toyo INK,4.1,183
HomeBazaar.com,3.7,183
SILA Group (India),3.6,183
Advantage One Tax Consulting,4.0,182
Childline India Foundation,4.2,182
Sadhu Forging,3.6,182
NMTronics India Private Limited,3.2,182
DesignCafe,3.3,182
Sigma Supply Chain Solutions,3.5,182
Accurate Engineering Company,3.2,182
Ring Plus Aqua,4.2,182
Sequretek It Solutions,3.4,182
Rimini Street,4.0,182
Hero Future Energies,4.1,182
Invenio Business Solutions,3.5,182
Zenoti,2.8,182
Dr. Willmar Schwabe India,3.9,182
Reliance Smart Point,4.3,182
SAT n paper,4.4,182
SkilloVilla,4.1,182
Monginis Foods,3.5,182
Edunet Foundation,4.1,182
Maksat Technologies,3.4,182
Shakti Hormann,3.7,182
Citylife Retail,4.0,182
Ilensys Technologies,4.1,182
Bambino Agro Industries,4.0,182
Heavy Engineering Corporation,3.6,182
Jeena & Company,3.6,182
DesiCrew Solutions,3.2,182
The Pride Hotel,3.1,182
Private Practice,4.5,182
Essencea Infoserv,2.7,182
Fangs Technology,4.1,182
Cyient DLM,3.9,182
Afflatus Gravures,3.8,182
SEO Discovery,4.8,182
Phenix Construction Technologies,4.0,182
Raptim Research,4.4,182
EbixCash Financial Technologies,2.9,182
Evonith Steel,3.9,182
Jehangir Hospital,3.9,182
Burman Hospitality,3.8,182
Prione Business Services,4.4,181
Simpa Energy,4.6,181
Laminaar Aviation Infotech,2.6,181
KerryIndev Logistics,3.8,181
Gunnebo,3.7,181
Panchshil Realty,4.2,181
Cex Webuy Entertainment,3.4,181
Hurix Systems,3.6,181
Pegasus InfoCorp,2.8,181
CTR Manufacturing Industries,3.7,181
Source One Management Services,3.6,181
Eicher Trucks and Buses,4.5,181
PC Financial Services,4.1,181
A2Z Infraservices,4.0,181
Bajaj Markets,3.0,196
Stumpp Schuele & Somappa Springs,3.5,181
Incrementors Web Solutions,3.9,181
C-quel Management Services,4.3,181
Central Institute of Plastics Engineering & Technology,3.8,181
Creative Group,4.1,181
Gpt Infraprojects,3.9,181
Corrtech International,3.2,181
DSM SOFT,3.0,181
SEG Automotive,3.9,181
Commerce Pundit,4.3,181
Vehere Technologies,4.5,181
U.S. Polo Assn,4.4,181
Impresario Entertainment & Hospitality,4.2,181
WNS Denali,3.4,181
Apis India Limited,3.6,181
Gunnebo,3.7,181
Hurix Systems,3.6,181
A2Z Infraservices,4.0,181
Source One Management Services,3.6,181
PC Financial Services,4.1,181
Eicher Trucks and Buses,4.5,181
Stumpp Schuele & Somappa Springs,3.5,181
Graygraph Technologies Private Limited,4.4,181
Ecolab Digital Center,3.4,181
Burger Singh,3.6,181
Auto Ignition,3.6,181
Sagar Hospital,4.3,181
Labtron Equipment,3.4,180
Corient Business Solutions,3.2,180
Virinchi Technologies,3.2,180
Appiness Interactive,4.4,180
Elsevier,3.7,180
Oswal Group,3.8,180
Bureau of Indian Standards,4.0,180
Sistema Shyam Teleservices,4.9,180
cFIRST,3.8,180
Birla Cellulose,3.5,180
Global Hospital Pune India,3.9,180
Sistema Shyam Teleservices,4.9,180
Euronet Worldwide,3.5,180
Apollo Spectra Hospitals,4.4,180
GVK Group,3.8,180
Hindustan Media Ventures,3.7,180
Oswal Group,3.8,180
Axa Parenterals,3.7,180
Minda Stoneridge Instruments,3.4,180
Jarvis Technology and Strategy Consulting,3.3,180
Labtron Equipment,3.4,180
RT Network Solutions,3.3,180
IFB Agro Industries,4.0,180
Feedback Energy Distribution Company,3.5,180
Corient Business Solutions,3.2,180
Appiness Interactive,4.4,180
Virinchi Technologies,3.2,180
Bureau of Indian Standards,4.0,180
Naresh i Technologies,4.0,180
Cloudstrats Technologies,3.1,180
Ess Kay Group,3.6,180
Vision IAS,2.3,180
Monomark Engineering,4.2,180
Cinda Engineering & Construction,4.1,180
cFIRST,3.8,180
OASYS Tech Solutions,3.7,180
Kent,3.6,180
American InfoSource,3.4,180
Bharat Benz,4.3,180
Muthoot Mercantile,3.4,183
AMBITION JOB,4.1,180
Radiant Appliances,4.1,179
Mitsuba,3.6,180
Swelect Energy Systems,4.0,179
Indus Motors,4.0,179
Swal Corporation,4.2,179
Tata Memorial Hospital,4.1,180
TPF Engineering,3.8,179
United Nations Development Programme,4.1,179
Miraj Group,4.0,179
Kamdhenu,3.7,179
Mangal Industries,3.8,180
S kant Healthcare Ltd,4.7,179
KP GROUP,4.1,179
SmartSchool Education,4.6,179
NHPC,4.2,179
Swelect Energy Systems,4.0,179
Wepsol,3.6,180
Swal Corporation,4.2,179
TPF Engineering,3.8,179
Tata Memorial Hospital,4.1,180
Kyb Motorcycle Suspension,3.7,179
Ghatge Patil Industries,3.9,179
Sulphur Mills,3.6,179
Tripjack,4.0,179
Cadworks India,4.8,179
Target Publications,3.7,179
Qube Cinema Technologies,3.8,179
Sulphur Mills,3.6,179
Miraj Group,4.0,179
Tripjack,4.0,179
Cadworks India,4.8,179
Aptonline,3.3,179
Allset Business Solutions,3.8,179
Hitek Syndicate,3.6,178
Lithium Urban Technologies,3.5,178
National Aerospace Laboratories,4.3,178
Blue Tokai Coffee Roasters,3.8,178
Diksha Technologies,3.1,178
Gangar Eyenation,3.7,178
MYND Intergrated Solutions,3.3,178
Trellix,3.5,178
Jubilant Industries,3.8,178
Qatar Petroleum,4.3,178
Sakarni Plaster,4.4,178
Ansal Api,3.8,178
Cadmaxx Solutions,3.5,178
Market Xcel Data Matrix,2.6,178
S V S Projects India,3.2,178
alliantgroup,2.2,190
CR Asia,3.9,178
Collage,4.2,178
Starworth Infrastructure Construction,3.6,178
DESIGNCO,3.9,178
Don Bosco Tech Society,4.0,178
Vestian Global Workplace Services,3.3,178
GoMechanic,3.3,178
SYNCHRONIZED SUPPLY SYSTEMS,4.0,178
OneAdvanced,3.0,178
VBeyond Corporation,4.0,179
Holy Family Hospital,3.5,178
River Engineering,3.6,178
ANEWA Engineering,3.7,178
Crescon Projects & Services,3.6,178
Institute of Language Management,4.2,178
Groupe SEB,3.4,178
MSV International,3.8,178
Matrix Cellular Services,4.0,177
Cipla Industries,3.9,177
Matrix Cellular Services,4.0,177
Volante Technologies,3.3,177
AMS Comtel BPMS,3.2,178
Architect Hafeez Contractor,3.1,177
Gainwell Technologies,4.0,177
Karam Safety,4.2,177
Opkey,4.1,179
Hindustan Platinum,3.5,177
Techugo,3.7,177
Eros Group,4.1,177
Sandfits Foundries,4.1,177
Aster MIMS,4.4,177
Apollo Cradle,4.2,177
Som Projects (S.P.L),3.8,177
Asianet Satellite Communications,4.4,177
Blue Rose Technologies,4.1,177
Kolors Healthcare,3.6,177
Impact Analytics,3.8,177
Vilcart,3.7,177
Architect Hafeez Contractor,3.1,177
SeQuent Scientific,3.8,177
Blue Rose Technologies,4.1,177
Karam Safety,4.2,177
Sandfits Foundries,4.1,177
Republic TV,2.9,177
Anytime Fitness,3.6,177
Wintax Solution,4.6,177
Hindustan Platinum,3.5,177
Dr B Lal Clinical Laboratory,4.0,177
Hyderabad Metro Rail,4.1,177
MSL Driveline Systems,4.2,177
Geno Pharmaceuticals,2.8,177
LiquidHub,3.6,176
Epimoney,3.3,176
Swaraj Engines,3.7,176
Polyplastics,3.8,176
Bentley Systems,4.2,176
Lakme Salon,3.9,176
Mandovi Motors,3.7,176
Bhavna Corp.,3.5,176
Lalitpur Power Generation,4.3,176
RPP Infra Projects,3.8,176
Eshopbox Ecommerce,2.9,176
Wellspring Healthcare,2.9,176
L&T Buildings & Factories,3.8,176
ABT Maruti,4.0,176
Natural Remedies,3.8,176
Polyplastics,3.8,176
Epimoney,3.3,176
Swaraj Engines,3.7,176
Bentley Systems,4.2,176
Lakme Salon,3.9,176
Archean Chemical Industries,3.8,176
Jaslok Hospital and Research Centre,4.0,176
KNNX Corp,2.6,176
Nabard Consultancy Services,3.8,176
Macmet Engineering,3.9,176
Crif Solutions,3.3,176
General Industrial Controls,3.6,176
Donear Industries,3.2,176
Digital Web Solutions,3.9,176
Talwalkars Better Value Fitness,4.2,176
Thriveni Sainik Mining,4.2,176
Magnit Global,3.3,176
Healthplix Technologies,3.0,176
Vinsum Axpress,2.9,175
Leena Powertech Engineers,3.6,175
Manikaran Power Limited,3.3,175
EASTMAN EXPORTS GLOBAL CLOTHING PVT.LTD,3.6,175
Relyon Softech,3.9,175
Applus Velosi,3.6,175
IPL Biologicals,4.1,175
Presidency University,2.6,175
Admiral Solutions,3.2,175
Shankar Packagings,2.6,175
Harbinger Systems,3.6,175
Thinksynq Solutions,3.9,175
Indian School of Business,3.3,175
Cornerstone OnDemand,3.2,175
IPL Biologicals,4.1,175
Eurofins Advinus,3.4,175
EASTMAN EXPORTS GLOBAL CLOTHING PVT.LTD,3.6,175
Accurate Global Alliances,4.7,175
Divgi Torqtransfer Systems,3.2,176
Birdeye,3.2,175
Vinsum Axpress,2.9,175
Denso Ten Minda India,4.1,175
Harbinger Systems,3.6,175
Fichtner Consulting Engineers,3.8,175
NeST Digital,3.5,175
Compuage Infocom,4.2,174
Arvind Smartspaces Limited,3.6,174
Escorts Construction Equipment,4.1,174
Gopalan Enterprises,4.1,174
GD Goenka University,3.6,175
Tata Power Renewable Energy,3.9,174
Maccaferri,3.7,174
CFlo,4.5,174
Apptunix,4.2,174
Tata Power Renewable Energy,3.9,174
Radix Electrosystems,3.4,174
Poonawalla Finance,3.7,174
Brandix India Apparel City,3.9,174
Automotive Stampings and Assemblies,3.7,174
O2 Power,4.5,174
Informatica,3.8,174
Automation Anywhere,3.8,174
Unilog Content Solutions ( P),3.5,174
Lal Baba Seamless Tubes,3.1,174
Unify Technologies,2.9,174
Careers360,3.0,174
Wibmo,3.1,174
Cashfree Payments,3.0,174
Opporture,4.8,173
nurture.farm,3.2,174
SBL Knowledge Services,2.9,174
Ghv India,4.2,174
Jagatjit Industries,3.6,174
RattanIndia Power,3.1,174
Traya Health,3.6,174
Eurofins Advinus,3.4,175
Eazy ERP Technologies,3.6,174
SPIE Oil & Gas Services,4.2,174
Translumina Therapeutics,3.6,174
NeST Digital,3.5,175
Sri Ranganathar Industries,3.3,174
S.M. Consultants,3.6,174
Vertex,3.9,173
AIG,3.8,173
Lawrence & Mayo,3.9,173
GD Goenka University,3.5,174
Toyota Boshoku Automotive,4.1,173
Kshema General Insurance,3.8,173
B.L. Agro Industries,3.6,173
Miles Education - CPA & CMA Review (Hyderabad),N/A,--
Qicpic,2.3,173
TVS Automobiles Solutions,3.7,173
Altius Customer Services,3.1,173
Doordarshan,4.0,173
Toyota Boshoku Automotive,4.1,173
TVS Automobiles Solutions,3.7,173
Garden Reach Shipbuilders & Engineers,4.2,173
Sree Metaliks,3.8,173
Doordarshan,4.0,173
Integrated Enterprises,3.8,173
MGNREGA,3.5,173
Paisalo Digital,3.7,174
Finecure Pharmaceuticals,3.8,173
Infinity Data Technologies,3.6,173
GUVI,3.5,173
Goel Ganga Group,3.4,173
Kshema General Insurance,3.9,178
Digamber Finance,4.1,173
Saraca Solutions,4.1,173
Altius Customer Services,3.1,173
Keihin India Manufacturing,4.4,172
Fare Labs,2.8,172
Carrefour,3.5,172
Amnet Systems,3.7,172
Pan Gulf Technologies,4.0,172
Pratibha Syntex,4.0,172
Liquiloans,2.9,172
Mafatlal Industries,3.7,172
Dr Shroff Charity Eye Hospital,3.7,172
ObjectWin Technology,3.7,172
Mervice Infotech,3.8,181
Tata Passenger Electric Mobility,4.2,172
Gujarat Guardian Ltd.,3.7,172
Novopor Advanced Science,4.2,172
Valiant Organics,3.6,172
DMI,3.9,172
Caparo Group,4.0,172
IQ City Medical College,3.4,172
Xrbia Developers,2.8,172
Sharda Hospital,3.8,172
Micromatic Grinding Technologies,3.9,172
Bharat Coking Coal,4.1,173
Tech2Globe,4.1,172
Sitics Logistic Solutions,2.9,172
Yashashvi Rasayan,4.1,173
APAC Financial Services,4.0,172
Fare Labs,2.8,172
Amnet Systems,3.7,172
SEForge,3.3,172
Acer India,3.8,172
Bonanza Portfolio,3.4,172
Trawex Technologies,4.5,172
Epp Composites,3.3,172
Ascendum Solutions,3.1,172
Antino,2.4,172
Lohum Cleantech,3.4,172
First Abu Dhabi Bank,3.2,172
Sinch,3.6,172
St. Joseph's School,4.3,172
Olive Bar & Kitchen,4.0,171
Linkquest Telecom,3.4,171
Bajaj Financial Securities,4.3,171
RC Plasto Tanks And Pipes,3.7,171
Tynor Orthotics,3.3,171
SVN SYSTECH INDIA,3.4,171
Rane Group,4.0,171
Cytecare Cancer Hospital,4.7,171
Sun Technologies,3.4,171
Deccan Cements,4.1,172
L&T Transportation Infrastructure,4.1,171
Gateway Group of Companies,2.4,171
Jayem Automotives,3.3,176
Holostik,3.8,171
Rabwin Industries,3.9,171
J Pan Tubular Components,3.5,171
Kaff Appliances (india),3.2,171
Unique Engineers,3.6,171
Toyota Kirloskar Auto Parts,4.1,172
FunnL,3.3,171
Ginger Webs,2.6,171
Meditrina Hospital,4.0,171
Daebu Automotive Seat,3.3,171
Connect Broadband,4.2,171
Mega Rubber Technologies,3.6,171
All Time Plastics,4.0,171
Tata Realty and Infrastructure,3.9,171
Bewakoof,3.8,171
NuSummit,3.5,171
Kuantum Papers,4.2,171
Sowparnika,3.9,171
Dayal Group,4.0,172
ShopX,4.4,170
Umang Dairies,3.8,170
Bengal Energy,3.8,170
SEW Infrastructure,3.4,170
Lennox India Technology Centre,3.6,171
ValueFirst Digital Media,3.6,170
IREO,4.5,170
Ramee Group of Hotels,3.6,170
CRED,3.7,170
FutureSoft India,3.5,170
Dmi Finance,3.6,170
Ranjit Buildcon,4.3,170
Narayana Junior College,3.7,171
Hiranandani group,3.9,170
ABP Network,3.9,170
Bengal Energy,3.8,170
SEW Infrastructure,3.4,170
Lanson Toyota,4.2,170
Ramee Group of Hotels,3.6,170
Decon Telecom Solutions,3.0,170
W3Global,3.3,170
FutureSoft India,3.5,170
Dmi Finance,3.6,170
CRED,3.7,170
Lennox India Technology Centre,3.6,171
ValueFirst Digital Media,3.6,170
IREO,4.5,170
3F Industries,3.5,170
Umang Dairies,3.8,170
Gowtham Model School,3.8,170
Narayana Junior College,3.7,171
Theon Pharmaceuticals,3.6,170
Yamaha Music India,3.6,170
Indian Council of Agricultural Research,3.8,170
Kriya NextWealth,3.7,171
Kenstar,3.7,170
Kriya It,3.3,170
Inmakes Infotech,3.9,169
The Millennium School,4.0,169
SSK Group,3.5,169
Jamboree Education,3.4,169
Bry-Air (Asia),3.8,169
Solenis,3.7,169
Wyzmindz Solutions,3.5,169
GDX Group,4.1,169
Nahar Industrial Enterprises,3.8,169
CPA Global,3.8,169
Ingenero Technologies,4.3,169
Sterling Software Private Limited,3.5,169
Synergy Property Development Services,3.8,169
Peerless Hospital,4.1,169
Lynk,3.2,169
AIG Business Solution,3.4,169
Amalgam Steel,3.8,169
Ray Engineering,4.1,169
Mepro Pharmaceuticals,3.7,169
GDX Group,4.1,169
UTILITY PROJECTS AND SERVICES,3.9,169
All India Council Technical Education,4.4,171
The Millennium School,4.0,169
Wonderchef Home Appliances,3.9,169
Solenis,3.7,169
Wyzmindz Solutions,3.5,169
Bry-Air (Asia),3.8,169
Jamboree Education,3.4,169
Sterling Software Private Limited,3.5,169
CPA Global,3.8,169
Savills,3.8,169
Impressions Services,3.9,169
bloom Hotel Group,4.2,169
MasterSoft ERP Solutions,2.6,169
Expedien eSolutions,3.3,169
ePack Durables Solutions,3.8,183
Delivery.com,3.8,169
VISION,3.8,169
Safdarjung Hospital,4.4,169
Express Roadways,3.6,169
Vastu Finserve,4.0,169
Ciklum,3.6,169
Ind swift ltd. Gbu,3.5,169
Smiiel - A Unit Of Motherson Sumi System,3.6,169
Bharat Petroleum Mumbai Refinery,4.2,169
Scribe EMR,4.0,169
Claris Lifesciences Ahmedabad,3.3,168
Allahabad Bank,4.1,168
Nisa Industrial Services,3.6,168
Peninsula Land,4.0,168
Innovel Energy Services,3.2,168
Lepton Software Export & Research,3.6,168
Alexander Mann Solutions,3.2,168
Salzer Electronics,3.9,168
Way.com,4.1,168
Fraazo,3.4,168
OM Careers,2.4,168
TerraCIS Technologies,3.7,168
Nerdy Turtlez,2.5,168
Ascolite - Aswani Industries Pvt. Ltd.,3.9,168
Katyayani Organics,4.0,168
Indian Terrain Fashions,4.3,168
UMSL,3.6,168
Carryfast group,3.5,168
Coverfox,3.7,168
SPX Flow Technology,4.4,168
Gsa Industries,3.9,168
Croma Campus,3.9,168
Brose India Automotive Systems,3.7,168
Rain Carbon,4.1,168
Imerys,3.7,168
NSL Sugars,3.9,168
Graphite India,3.5,168
Facebook,4.4,168
MUFG Intime India,3.5,168
Thinksys Software,3.8,168
Deshpande Foundation,4.0,168
ART Housing Finance (India),3.7,168
Neelachal Ispat Nigam,4.2,168
Arvind Technocrats & Engineers LLP,3.6,168
iBall,4.1,167
Bose,3.5,167
NNE,3.6,167
P C CHANDRA JEWELLERS,3.7,167
BYD Electronics,3.5,167
Technocraft Industries,3.6,167
Atlassian,3.1,167
Best Value Chem,3.9,167
Jindal Industries Private Limited,3.5,167
ONKAR DIES,3.7,167
Filo,3.4,167
Omega,3.8,167
Experian,3.9,167
Continental Tyres,3.4,167
Okinawa Autotech,3.5,167
D.B ENGINEERING,4.2,167
Shree Maruti Courier Service,4.0,167
BG Distributors,3.6,167
Srijan Realty,3.8,167
Inox Green Energy Services,4.0,167
SHARON BIO MEDICINE,4.0,167
Harvest Gold Industries,3.8,167
Da Milano Leathers,2.7,167
Intellect Bizware Services,3.9,167
Oceanic Pharmachem,4.1,167
MiM-Essay,4.3,167
SEED Infotech,3.9,167
iQuanti,3.8,167
Federal Mogul Powertrain,3.7,167
Zebra Technologies,3.6,167
M&G Global Services,3.4,167
MyGlamm,3.5,167
Woodrock Infotech Private Limited,3.0,168
Alliant Talent,2.2,167
Baskin Robbins,4.0,166
Vignesh Polymers,3.5,166
Indian Register of Shipping,3.9,166
Edwise International,3.8,166
SmartQ - Bottle Lab Technologies,4.1,166
Rosmerta Safety Systems,3.4,167
Royal Bank of Scotland International,4.2,166
SKYMAP PHARMACEUTICALS,3.9,166
Baskin Robbins,4.0,166
Kumar Properties,4.2,166
Konstelec Engineers,3.5,166
Nirvasa Healthcare,3.2,166
Jivo Wellness,3.1,166
General Diagnostics International Private Limited,3.0,166
Podar Jumbo Kids,3.9,166
Lince Soft Solutions,4.7,166
Lilac Insights,3.1,166
Satvat Infosol,3.2,166
Metro Tyres,3.7,166
Steadfast Medishield,4.0,167
West Bengal State Electricity Distribution Company,3.1,166
Vanesa Care,4.2,166
Amar Cars,3.9,166
SMCC Construction India,4.2,166
Best Corporation,3.8,166
Vignesh Polymers,3.5,166
Crio.Do,2.9,166
Honeywell Uop,3.4,166
Arunachala Logistics,4.0,166
Eduvanz,3.4,166
Prayag Polymers,3.7,166
Simple Energy,3.9,166
Nina Percept,4.1,166
Stonex,3.9,171
Ruparel Realty,3.9,167
KodNest,4.1,165
Thirdware Solutions,4.2,165
Willowood Chemicals,4.1,165
Pentagon System and Services,3.5,165
Educational Initiatives,3.2,165
KPI Partners,3.4,165
"CAMP Systems International, Inc.",3.9,165
Rotex,3.8,165
Hire Glocal,4.4,165
AYN InfoTech,4.5,165
Texport Industries,3.6,165
Scorpion Express,3.6,165
Super Auto India,3.7,165
NSK,3.8,165
Indian Coast Guard,4.0,165
Liyaans Properties,4.8,165
otsuka chemical india,3.9,165
Government of Odisha,4.0,165
Inditex,4.1,165
Atidan Technologies,4.2,165
Greaves Electric Mobility,3.3,165
FCS Software Solutions,3.7,165
Kewal Kiran Clothing,3.9,165
Benzo Chem Industries,4.0,165
Bharti Foundation,3.6,165
Nordusk Led,4.4,165
BVC Logistics,3.6,165
Benzo Chem Industries,4.0,165
Kewal Kiran Clothing,3.9,165
FCS Software Solutions,3.7,165
Government of Odisha,4.0,165
KRG Technologies,4.2,165
CDS Infra Projects,3.3,165
Vishay Precision Transducers,3.4,165
HP Computing and Printing Systems,3.9,165
Vulcan Express,3.6,164
BUDDI.AI,3.6,164
Ashley Global Capability Center,4.0,164
JioHotstar,3.4,164
Unimrkt Research,3.2,164
D A V School,3.9,164
Trinity Touch,4.4,164
Aranca,3.4,164
Dar Al Handasah Consultants Shair And Partners,3.0,164
Global Payments,4.0,164
DCW,3.7,164
TVS - SUNDARAM BRAKE LININGS,3.2,164
Gibraltar Technologies,3.8,164
Corpone Staffing Solutions,3.8,164
Nv Group,3.6,164
Newtech Medical Devices,3.8,164
Damodar Valley Corporation,3.8,164
Chowgule Industries,3.5,164
Rhenus Logistics,3.6,164
Aranca,3.4,164
Ardex Endura,4.0,164
Apollo Supply Chain,3.8,164
Lulu Hypermarket,3.4,164
Border Roads Organisation,4.2,164
Nehru Yuva Kendra Sangathan,4.4,164
Pathcare Labs,3.6,164
O2f info Solutions,3.5,164
Global Payments,4.0,164
FloBiz,3.6,164
Nangia & Co. LLP,3.4,164
PCS Technology,3.1,164
Grupo Bimbo,3.5,164
Nucon Aerospace,3.9,164
Allied Nippon,3.7,164
Yuken India,3.3,164
Ind Innovations,3.4,164
otsuka chemical india,3.9,164
Ellucian Higher Education Systems,3.6,164
Confiance BizSol Private Limited,3.2,169
Mythri Infrastructure and Mining,3.4,164
CI Infotech,3.7,164
John Cockerill,3.1,164
Merilytics,2.9,164
Varsity Education Management,3.7,164
Real Estate Group,4.3,164
ASSET DEALS,4.0,164
Xpo Logistics,3.6,163
Scope eKnowledge Center,3.5,163
Ultratech India,3.8,163
Leena AI,3.6,163
AMPLUS SOLAR,4.3,163
Vee Gee Industrial Enterprises,3.9,163
Egniol Services Private Limited,2.4,163
Focus Softnet,3.6,163
Armstrong International,4.0,163
SISA Information Security,3.1,163
Wanfeng Aluminum Wheel,3.7,173
Jewelex India,3.9,164
Stantec,3.8,163
Spun Micro Processing,3.9,163
Abu Dhabi Oil Refining Company,4.3,163
Trinity Mobility,2.6,163
Marsh India Insurance Brokers,4.2,163
Sfc Solutions,3.6,176
Motwane Manufacturing Company,3.6,165
Chembond Chemicals,3.8,163
DataTracks,3.3,163
Leena AI,3.6,163
L&T Geostructure,3.9,163
Ultratech India,3.8,163
Zeiss Pharma,3.3,163
AMPLUS SOLAR,4.3,163
Pramata Knowledge Solutions,3.2,163
VWR International,3.6,163
Hughes Communications,3.2,163
SISA Information Security,3.1,163
Toluna,3.4,163
Focus Softnet,3.6,163
Egniol Services Private Limited,2.4,163
St. Mary's School,3.9,163
Somika Sarl,4.1,163
Chromewell Engineering,3.6,163
Trinity Touch,4.4,164
Marsh India Insurance Brokers,4.2,163
Servosys Solutions,2.9,163
Motwane Manufacturing Company,3.6,163
DIN Engineering Services,3.7,163
The House of Abhinandan Lodha,2.9,163
CGS,3.5,163
Mold Tek Packaging,3.9,163
AlgoShack,4.2,163
Ben Franklin,3.5,163
Privi Organics,3.8,162
Indian Steel Corporation,4.1,162
Eicher Engineering Components,4.1,162
East India Technologies,3.0,162
Nahar Group of Companies,3.5,162
Freyr Energy Services,3.6,162
Back Office,4.0,162
Concentric,3.8,162
Hotel Park Plaza,4.2,162
Enzen Global Solutions,2.7,162
Agrawal Metal Works,3.9,162
Dynamic Techno Medicals,3.8,162
Scientific Games,3.7,166
ARSS Infrastructure Projects,3.8,162
Regal Rexnord Corporation,3.5,162
Maheshwari Mining,3.8,162
Infiniminds,3.7,162
Newfold Digital,3.7,168
Maharashtra State Road Transport Corporation,3.9,162
Punjab & Sind Bank,3.3,162
Prudent Corporate Advisory Services,4.1,162
Dipty Lal Judge Mal,3.9,162
Walker Chandiok & Co,3.1,171
Geltec,3.3,162
Lapp India,4.1,162
Graphic Era University,3.6,162
Zodiac Clothing Company,3.3,162
Acute Informatics,3.1,162
Sankara Nethralaya,3.8,162
Orchid Hotel,3.7,162
Sms Integrated Facility Services,4.2,162
StrategicERP,4.2,162
Aptia,2.7,162
NetCom Learning,3.2,162
Gleneagles Global Hospital,3.7,162
Shubham K Mart,4.2,169
Nanavati Max Super Speciality Hospital,3.5,162
Arya Collateral Warehousing Services,4.3,162
Exemed Pharmaceuticals,4.0,162
Swiss Garnier Life Sciences,3.5,162
Exotel,3.0,162
ATYETI,4.0,162
JCT Limited,3.7,161
Americana Group,3.7,161
Gujarat State Electricity Corporation,4.4,161
Wingtech Mobile Communication,4.0,161
Delphi Automotive Systems,3.8,161
TAL Manufacturing Solutions,3.5,161
Eastern Coalfields,4.1,161
J G Hosiery,3.3,161
Khadi Natural Healthcare,4.1,161
Proventech,4.1,161
Covestro,4.5,161
Mount Talent Consulting,3.1,161
Semac Consultants,3.8,161
Arcon TechSolutions,3.4,161
IIT Delhi,4.2,161
Hansa Direct,3.3,161
ARCHER Transnational Systems Private Limited,3.7,161
TruCap Finance,3.8,161
Ideas2IT Technologies,3.6,161
Ognibene India,3.7,161
Proventech,4.1,161
Covestro,4.5,161
JCT Limited,3.7,161
Gujarat State Electricity Corporation,4.4,161
Americana Group,3.7,161
Delphi Automotive Systems,3.8,161
Eastern Coalfields,4.1,161
Semac Consultants,3.8,161
TruCap Finance,3.8,161
ARCHER Transnational Systems Private Limited,3.7,161
B M Birla Heart Research Centre,3.6,161
Khadi Natural Healthcare,4.1,161
myTVS Parts & Accessories,3.8,161
Urban Money,2.8,161
Mahindra Accelo,3.5,161
Metayb,3.9,161
efficiently,2.5,161
DHL IT Services,3.8,161
Recykal,4.0,161
Sterling Information Resources,3.5,161
Outlook,2.9,160
M.P. Power Transmission Company,3.8,160
EAPRO Global Ltd,4.2,160
University of Delhi,4.4,160
India Power Corporation,3.8,160
High Court Lucknow,4.5,160
Bimal Auto Agency,3.5,160
GP Strategies,3.5,160
Makino,3.7,160
Kesari Tours,3.5,160
Topre India,4.2,160
Supple Tek Industries,3.2,160
AYTB,3.9,160
Amanta Healthcare,4.1,160
Vitromed Healthcare,3.4,160
AmpleLogic,3.8,160
Innovision,3.0,160
Bayer Zydus Pharma,3.4,160
Makino,3.7,160
India Power Corporation,3.8,160
Webdew,4.5,160
Goel Construction,3.7,160
GP Strategies,3.5,160
M.P. Power Transmission Company,3.8,160
AYTB,3.9,160
Amanta Healthcare,4.1,160
Saraswati Accountants Software,4.4,160
Masters' Union School of Business,3.1,160
Topre India,4.2,160
Lilavati Hospital & Research Centre,3.8,160
Gmr Airport Developers,3.9,160
Gea Process Engineering India,4.1,160
Group Pharmaceuticals,3.7,161
Supple Tek Industries,3.2,160
Bayer Zydus Pharma,3.4,160
Prudent Insurance Brokers,3.6,160
Iprogrammer Solutions,4.1,160
Vitromed Healthcare,3.4,160
Welspun Specialty Solutions,3.8,160
M2P Fintech,3.0,160
Cherry Hill Interiors,4.0,159
Datavail Infotech,3.3,159
vSplash Techlabs,2.1,159
Hubtown,3.5,159
ACI Worldwide,4.0,159
Parsons International,4.0,159
Seco Tools,4.3,159
Jotun Paints,3.8,159
Paracoat Products,3.6,159
Canteen Stores Department,4.3,159
KRYFS POWER COMPONENTS,3.8,159
Universal Cables,4.0,160
Advanced Medtech Solutions,3.6,159
Zerodha,4.0,159
Export Trading group,3.4,159
Milestone Gears,3.9,159
MResult Services,3.7,159
Deepak Foundation,3.9,159
Seco Tools,4.3,159
Cherry Hill Interiors,4.0,159
TVS Upasana Engineering,3.7,159
Paracoat Products,3.6,159
Tcs And Associates,3.4,159
KRYFS POWER COMPONENTS,3.8,159
Jotun Paints,3.8,159
Ace Pipeline Contracts,4.2,159
Hind Rectifiers,3.6,159
VOLTECH O AND M SERVICES,4.0,159
Thomson Press India,4.2,159
Sterlite Industries,3.9,159
Datavail Infotech,3.3,159
Universal Cables,4.0,160
Hubtown,3.5,159
vSplash Techlabs,2.1,159
ACI Worldwide,4.0,159
MResult Services,3.7,159
Export Trading group,3.4,159
MELCO,3.7,159
Oben Electric Vehicle,4.3,159
Nimbus BPO,3.2,159
Flatworld Mortgage Processing,3.6,159
Equentis Wealth Advisory Services,3.3,160
Conde Nast India,2.8,159
Strategic Learning Solutions,4.0,159
Johnson Electric,3.7,159
Webvio Technologies,4.3,159
Modi Builders & Realtors,3.0,158
IndianOil Skytanking,3.0,158
ICONMA,3.0,158
Helo.ai by VivaConnect,4.3,158
Envision Enterprise Solutions,2.8,158
3Pillar Global,3.2,158
Vitech Systems Asia,3.5,158
Synchronoss Technologies,4.2,158
Chandak Group,4.3,158
Petroexcel Technology Services,3.4,158
Shree Technocrat Communication Systems,3.8,158
Enaltec Labs,3.0,158
Gera Developments,4.0,158
VK Building Services,4.0,158
West Coast Pharmaceuticals,2.9,158
GreenCell Mobility,3.4,158
Chandak Group,4.3,158
Inductotherm,3.9,158
Pyrotech Electronics,3.0,158
Basicfirst Learning,2.7,158
Modi Builders & Realtors,3.0,158
IndianOil Skytanking,3.0,158
Lotus Footwear Enterprises,4.1,159
Curateq Biologics,3.3,158
Amphenol Omniconnect - India,3.9,158
Frick India,3.7,158
TI METAL FORMING,3.9,158
Shree Technocrat Communication Systems,3.8,158
Emmbi Industries,3.8,158
Enaltec Labs,3.0,158
Aakash Health Care,3.8,158
Petroexcel Technology Services,3.4,158
American Institute of Pathology and Laboratory Sciences,4.3,159
Hartex Rubber,3.3,158
5K Car Care,4.5,158
Vitech Systems Asia,3.5,158
Baggit,2.6,158
Oakridge International School,3.5,158
Sterling Biotech,4.0,158
Smart Drive Systems,3.4,158
ACE Group,4.1,158
ICONMA,3.0,158
Helo.ai by VivaConnect,4.3,158
Grand View Research,3.0,158
Envision Enterprise Solutions,2.8,158
3Pillar Global,3.2,158
Jyote Motors,3.8,158
Egon Zehnder International,3.6,158
Trayee Business Solutions,3.5,158
Auto Mechanics,2.7,158
Lrs Services,3.6,158
Makino Auto Industries,3.9,158
Verinite Technologies,4.1,158
Endress Hauser,4.2,158
Broadcast Engineering Consultants India,3.4,158
Ccl Products,4.2,158
Amagi Media Labs,3.4,158
Anvil Cables,3.8,158
Cadeploy Engineering,3.2,158
Grundfos,4.2,159
Sharp Sight,4.0,159
Khivraj Motors,3.9,157
GKB Opticals,4.5,157
Skechers South Asia,4.2,157
Maharashtra State Electricity Transmission Company,4.2,157
Partha Dental,3.7,157
Atotech,3.9,157
Nivara Home Finance,3.9,157
HYOSUNG T&D,3.9,157
Inshorts,3.5,157
Attero Recycling,4.4,157
Aligarh Muslim University,4.6,157
Niyo Solutions,3.1,157
Qatargas,4.6,157
eBIZ.com,2.6,157
Orange City Water,3.8,157
DCM Infotech,3.4,157
Manomav Engineers,4.0,157
CTX Life Science,3.9,157
Steer Engineering,3.3,157
An Pharmaceuticals,4.2,157
Pravin Masalewale,4.0,157
Paushak,3.8,157
Gemini Edibles & Fats India,4.1,157
Roto Pumps,3.9,158
Saint-Gobain Weber,3.9,157
Enquero,4.1,157
Prateek Group,3.8,157
Vihaan Networks,4.1,157
Health Prime International,3.1,157
Homesfy Realty,3.6,157
Centelon,3.2,157
Gemini Edibles & Fats India,4.1,157
Roto Pumps,3.9,158
Homesfy Realty,3.6,157
Attero Recycling,4.4,157
Kenvue,3.6,157
Inshorts,3.5,157
Niyo Solutions,3.1,157
MT Autocraft,4.0,157
Ideaforge Technology,3.5,157
Rayden Interactive,2.7,157
Krishna Buildestates,3.7,158
Qatargas,4.6,157
Pasco Automobiles,4.1,157
Solera,3.1,157
Nipha Exports,3.7,157
Jobby Engineers,4.2,157
Vibracoustic,3.6,156
Shimizu,4.1,156
MathWorks,3.9,156
Gulshan Polyols,3.4,156
Prabha Engineering,3.7,156
Synmac Consultants,4.1,156
Marsh McLennan Global Services,4.1,156
Yashoda Super Speciality Hospitals,3.8,156
Khushi Advertising Ideas Private Limited,4.5,156
Pace Power Systems,3.5,156
Doms Industries,3.8,156
Satec Envir Engineering (I),4.2,156
HCL Foundation,4.4,156
CDW,4.4,157
Alp Overseas,3.7,156
India1 Payments,3.8,156
Interactive Avenues,3.2,156
TAAZAA,4.0,156
Gulshan Polyols,3.4,156
Topsoe,3.9,156
GAIN Credit,3.9,156
Vibracoustic,3.6,156
Rorito International,3.7,156
KK Spun Pipes,3.2,156
KK Spun Pipes,3.2,156
MBit Computraining,3.7,156
HCL Foundation,4.4,156
Satec Envir Engineering (I),4.2,156
CDW,4.4,157
Doms Industries,3.8,156
Mahanadi Coalfields,4.5,156
Chloride Metals,3.6,156
Axis Sales,4.5,156
Clearwater Analytics,2.6,156
PMI Electro Mobility Solutions,3.9,156
Cease Fire,2.8,156
Hirschvogel Components,4.0,156
Giridhan Metal,3.9,156
Theorem Incorporation,3.3,155
Ramco Steels,4.0,155
Jaypee Brothers Medical Publishers,3.4,155
Texila Educational And Management Services,4.0,155
Jharkhand State Livelihood Promotion Society,3.6,155
Modenik Lifestyle,3.7,155
Him Teknoforge,3.5,155
IPG Mediabrands,3.3,156
Pearl Beverages,3.2,156
Farmson Pharmaceutical,3.1,155
Sanyo Special Steel Manufacturing,4.1,155
EMB Global,4.4,155
Conserve Solution,3.9,155
The Dollar Business,3.2,155
PMJ Gems & Jewellers,3.6,155
Sahu Exports,4.2,155
Creditas Solutions,2.7,155
TeamLease Edtech,3.1,155
Colgate Global Business Services,3.6,155
Bhartiya International,3.5,155
Pioneer e Solutions,3.6,155
Manipal HealthMap,3.9,155
Eastman Industries,3.9,155
Mahavir Die Casters,4.0,155
Theorem Incorporation,3.3,155
IonIdea,3.2,155
BYLD Group,3.9,155
Goodricke Group,4.1,155
Texila Educational And Management Services,4.0,155
SmartED Innovations,4.1,155
MAT Brakes,4.1,155
Deepija Telecom,3.9,155
BIZONGO,3.1,155
Ivis International,3.5,155
Milltec Machinery Pvt Ltd Bangalore,4.0,155
Modenik Lifestyle,3.7,155
Euro School,3.6,155
Shubhalakshmi Polyesters,3.7,155
Ramco Steels,4.0,155
Fairfield Inn by Marriott,4.2,160
Ram Kripal Singh Construction,3.7,156
Jaypee Brothers Medical Publishers,3.4,155
Rajhans (Desai-Jain) Group,4.0,155
SECON Private Limited Bangalore INDIA,3.5,155
Jharkhand State Livelihood Promotion Society,3.6,155
Bsa Corporation,3.7,155
Sonyo Management Consultants,4.4,155
Manipal HealthMap,3.9,155
FreshToHome,3.6,155
Nido Machineries,3.6,155
MRC Logistics,4.0,156
Interglobe Air Transport,3.4,155
SKS Fasteners,3.3,155
Indovance Inc,3.1,155
Signzy Technologies,3.0,155
StoreKing,3.6,155
Garuda Power,3.2,154
SoftTech Engineers Limited,3.3,154
Lokmat Media,3.9,154
Vortex Engineering,4.0,154
Topsel Toyota,3.7,154
Thermo Systems India,4.0,154
Unschool Learning,3.3,154
Naari Pharma,2.9,154
Future Consumer,4.4,154
Avinash Group,3.6,154
Hills Cement Company,3.1,154
Krishna Institute of Medical Sciences,3.8,154
Amity International School,3.7,155
Replicon,3.5,154
Axis Securities and Sales,3.5,154
HMD Global,3.7,154
Future Consumer,4.4,154
Sahyadri Farms,3.7,168
Avinash Group,3.6,154
Central Coalfields,4.4,154
Netcon Technologies,3.5,154
Premium Chick Feeds,3.6,153
Thermo Systems India,4.0,154
Juspay Technologies,4.0,154
LeapScholar,3.4,154
Naari Pharma,2.9,154
Unschool Learning,3.3,154
StoreKing,3.6,155
Garuda Power,3.2,154
Dream Plast India,3.8,154
SoftTech Engineers Limited,3.3,154
Vortex Engineering,4.0,154
Lokmat Media,3.9,154
Topsel Toyota,3.7,154
Dixcy Textiles,4.2,154
Zuno General Insurance,3.9,154
Coherent Market Insights,3.5,154
Si Creva Capital Services,3.6,154
Continental Carbon India,3.8,154
Rinder India,4.0,153
L&T Smart World & Communication,4.2,153
MoreTasks,4.4,153
Exim Logistics,4.1,153
Meil Anpara Power,3.9,153
Hyatt Place,4.0,154
Franciscan Solutions,2.7,153
Crowe Horwath,3.7,153
B.P. Poddar Hospital & Medical Research,2.9,153
FreshMenu,3.1,153
Durr India,3.5,153
Yotta Infrastructure Solutions,3.7,163
Magma Housing Finance,4.5,153
Casino Air Caterers & Flight Services,4.1,153
Auditics Private Limited,3.9,153
Narayan Seva Sansthan,4.2,153
American India Foundation,3.7,153
United Industries,3.7,160
RS Software (India) Ltd.,3.4,153
Durr India,3.5,153
JCBL,3.5,153
Raam Group,3.5,153
Kaefer,3.5,153
Sikka Group,3.4,153
Rinder India,4.0,153
L&T Smart World & Communication,4.2,153
Meil Anpara Power,3.9,153
Sumeru Software Solutions,3.4,153
Bill Forge,4.2,153
Diversey,4.1,153
JConnect Infotech,3.4,153
Crowe Horwath,3.7,153
FreshMenu,3.1,153
B.P. Poddar Hospital & Medical Research,2.9,153
Franciscan Solutions,2.7,153
Hyatt Place,4.0,154
Eagleview,3.4,153
Niveus Solutions (Part of NTT Data),3.7,153
Classcanyon,4.5,153
Kanerika Software,4.2,153
High Street Essentials,3.6,153
Vasant Masala,4.1,153
Maven Silicon,4.1,153
Delval Flow Controls,4.2,153
Simpl,2.8,152
Altair Engineering,3.9,152
BEO Software,4.2,152
Executive Ship Management,4.0,153
Costa Coffee,3.7,152
Shinhan Bank,3.5,152
IBM Consulting,3.7,152
Aurolab,3.9,152
Encotec Energy,4.2,155
Warner Bros. Discovery,3.7,152
The Knowledge Academy,2.6,152
Payswiff Solutions,4.0,152
NELCAST,3.7,152
University of Engineering and Management,4.5,152
HomeShop18,4.0,152
Intelux Electronics,4.1,152
Altair Engineering,3.9,152
Sabyasachi Couture,3.8,152
Milliman,3.3,152
Ceratizit,4.3,152
TV9 Network,3.6,152
Chryso,3.8,152
Namra Finance,3.9,152
Electrolab,3.6,152
E C R Buildtech,3.9,152
Accentuate Technology,4.1,152
P.N. International,4.0,152
University of Engineering and Management,4.5,152
Accentuate Technology,4.1,152
P.N. International,4.0,152
Shine,2.9,152
Ceratizit,4.3,152
TV9 Network,3.6,152
Milliman,3.3,152
Chryso,3.8,152
Namra Finance,3.9,152
Airtel Business,3.7,152
Encotec Energy,4.2,155
Intec Infra-Technologies,3.8,152
Simple Logic IT,3.5,152
NELCAST,3.7,152
AKM Global,4.1,152
Inorbit Mall,4.2,152
Log 9 Materials Scientific,3.3,151
Arabian Fal,2.9,151
Alcatel-Lucent,4.4,151
Polaris,3.9,151
Airpay Payment Services,2.7,151
Barbrik Project Limited (PRA Group),3.6,151
KDDL,3.7,151
PerkinElmer,4.2,151
Creativelipi Webtech,2.8,151
Msc Cruises,4.4,151
Talent Corner HR Services,3.7,152
Great White Global,3.9,151
GA Infra Private Limited,3.9,151
Bhilai Iron And Steel Processing Company,3.9,151
Global Trade Plaza,4.8,151
Shrachi Group,2.5,151
VFS Capital,3.7,151
Systech Solutions,3.6,151
Tata Ficosa Automotive Systems,3.5,151
Voith,3.8,151
Sundyota Numandis Pharmaceuticals,3.9,151
Dedicated Freight Corridor Corporation Of India,4.0,151
Muvi,3.8,151
Elkayem Auto Ancillaries,3.4,151
Tata Ficosa Automotive Systems,3.5,151
Systech Solutions,3.6,151
Great White Global,3.9,151
Bhilai Iron And Steel Processing Company,3.9,151
KDDL,3.7,151
Barbrik Project Limited (PRA Group),3.6,151
PerkinElmer,4.2,151
B5 Plus,3.2,151
Alcatel-Lucent,4.4,151
Chandan Healthcare,3.2,151
Airpay Payment Services,2.7,151
Polaris,3.9,151
Talent Corner HR Services,3.7,152
Msc Cruises,4.4,151
Dedicated Freight Corridor Corporation Of India,4.0,151
Muvi,3.8,151
Sundyota Numandis Pharmaceuticals,3.9,151
Virtuoso,3.6,151
SP Apparels,4.0,151
Oerlikon Balzers,3.7,151
Apollomedics Super Speciality Hospitals,4.1,151
IFFCO Kisan Finance,3.7,151
Badri Rai and Company,3.9,151
Reynolds,4.3,151
Vizza Insurance Broking Services,3.3,151
Karam Industries,3.9,150
Ayu Health Hospitals,3.5,150
Zeta Global,3.3,150
Computer Generated Solutions,3.1,150
RevFin,4.1,150
BAIF Development Research Foundation,3.6,150
ATC (Assam),4.1,150
CapGrid Solutions,3.8,150
Automotive Research Association of India,4.0,150
Sensiple,3.2,150
NetProphets Cyberworks,3.3,150
RPSG,3.9,150
Hykon,4.4,151
Brindavan Beverages,3.9,150
HelpAge India,4.0,150
Echelon Institute of Technology,4.4,150
Ayu Health Hospitals,3.5,150
Evertogen Life Sciences,3.1,150
Zeta Global,3.3,150
CapGrid Solutions,3.8,150
Multi Commodity Exchange of India,3.4,150
Wysetek Systems Technologists,3.7,150
Brigosha Technologies,2.2,150
RPSG,3.9,150
NASDAQ,3.6,150
Embassy Group,4.1,150
Sensiple,3.2,150
Tamilnadu Petroproducts,4.1,151
NetProphets Cyberworks,3.3,150
BlueBinaries Engineering and Solutions,2.7,150
Paperpedia,1.9,150
Karam Industries,3.9,150
KLT Automotive & Tubular Products,3.5,150
SAGE Publications,3.2,150
ETV Bharat,4.0,149
RevFin,4.1,150
BAIF Development Research Foundation,3.6,150
ATC (Assam),4.1,150
Automotive Research Association of India,4.0,150
Computer Generated Solutions,3.1,150
Linedata,2.9,150
Deepak Novochem Technologies,4.0,150
Fair Exports,3.4,151
Magnum Group,3.2,150
Futran Solutions,3.8,150
CAPLIN STERILES,2.7,150
Vedic International School,4.5,150
CignaTTk Health Insurance,3.7,149
SAI Consulting Engineers,4.2,149
Ki Mobility Solution,3.4,150
Chiripal Industries,3.6,149
Frost & Sullivan,3.0,149
Toll Group,4.0,149
Optimus Information,3.1,149
Sportz Interactive,3.1,149
Reserve Bank of India,4.7,149
Banas Dairy,4.3,149
Quba Architectural Products,4.3,149
Gail Gas,3.6,149
KHD Humboldt Wedag,4.2,149
SunTec Business Solutions,2.9,149
Creative Garments,3.8,149
TezTecch,4.8,149
CARS24 Financial Services,3.3,149
Shri Mahant Indiresh Hospital,3.4,149
Shilpa Biologicals,2.8,149
Liebherr,3.8,149
Goldi Solar,4.1,150
SanDisk India Device Design Centre,3.7,149
Apicore Pharmaceuticals,3.8,149
Ogilvy,3.6,149
Progility Technologies,3.5,149
Edac Engineering,3.7,149
Dr D Y Patil Medical College,4.1,149
Swastik Infralogics Private Limited,3.8,149
Frost & Sullivan,3.0,149
Toll Group,4.0,149
Sportz Interactive,3.1,149
Reserve Bank of India,4.7,149
Gail Gas,3.6,149
Optimus Information,3.1,149
Banas Dairy,4.3,149
Goldi Solar,4.1,150
Ogilvy,3.6,149
Verka milk dairy,4.1,149
Shakti Precision Components,3.6,149
Unicorn DenMart,4.0,149
Fasal,3.3,149
Scymes Services,3.6,149
Community Health Center,4.3,149
Voylla,3.5,148
Apparel Group UAE,3.5,148
Best Koki Automotive,3.5,148
Hanu Software Solutions,3.3,148
Jai Beverages,3.5,148
Kantar Operations,4.0,148
K2k Infrastructure,4.0,148
GKB RX Lens,4.0,148
Sohan Lal Commodity Management,3.9,148
Element14,3.8,148
Etihad Airways,4.4,148
PolicyX.com,2.9,148
SightSpectrum Technology Solutions,3.4,148
First Solar,4.0,148
Ritco Logistics,3.7,148
Batra Hospital,3.7,148
Spc Life Sciences,3.5,148
Deccan iServices,3.7,151
Montage Enterprises,3.0,148
STEM Learning,4.2,149
Delhi Integrated Multi Modal Transit System,3.7,148
Integrace Health,3.2,154
Puropale Creations & IT Solutions,4.8,148
Moneyboxx Finance,3.7,165
MAHLE Engine Components,3.8,148
Million Minds Management Services,3.4,148
Teach For India,3.8,148
OakNorth,2.8,148
Camlin Fine Sciences,3.5,158
Amp Motors,3.8,149
Qapitol Qa,3.8,148
Casepoint,3.4,148
Vasavi Group,3.9,148
Altruistic Technology Labs,3.5,148
Kartavya Healtheon,3.7,151
Samvardhana Motherson Auto Component,3.8,148
Shri Kshetra Dharmasthala Rural Development Project,4.0,149
Zacks Research,2.7,148
Ravindra Bharathi Schools,3.5,148
SAP-Concur,4.1,148
Brickwork Ratings,3.4,148
Meena Bazaar,3.4,148
CEC International,4.0,148
Jhajharia Nirman Limited,4.2,148
SEDER GROUP,4.1,148
Altruistic Technology Labs,3.5,148
Vasavi Group,3.9,148
Element14,3.8,148
Integrace Health,3.2,154
Puropale Creations & IT Solutions,4.8,148
Motovolt Mobility,4.1,148
BDG Metal & Power,3.9,148
Vehant Technologies,3.9,148
Euronics Industries,3.7,149
ShopDeck,3.9,148
Altigreen Propulsion Labs,3.5,148
Specsmakers Opticians,3.6,148
Abryl Laboratories Manufacturing Unit,3.6,148
Tarento Technologies,3.9,148
Faber Sindoori Management Services,3.6,147
Jasper Industries,4.1,148
Uno Minda Kyoraku,3.8,147
Sakshi,3.6,147
Icomm Tele,4.2,147
Nelco,3.9,147
AVIZVA,2.3,147
Aditya Birla Chemicals,3.8,147
Onicra Credit Rating Agency,3.2,147
Infoblox,3.8,148
ETV Network,3.9,147
MedTourEasy,4.7,147
Futures First info Services,3.4,147
Kaseya Software,3.2,147
Major Brands,3.9,147
Ameyo,3.7,147
Srei Sahaj e-Village,4.5,147
Ewac Alloys,4.2,147
Kirloskar Ebara Pumps,3.6,147
Machino Polymers,3.4,147
Tops Security,4.3,147
Acies,4.1,147
Being human,4.3,147
Apcotex Industries,3.7,147
thinkbridge,3.5,147
Donaldson India Filter Systems,3.8,147
Poct Services,3.8,147
Kaseya Software,3.2,147
Apcotex Industries,3.7,147
Kirloskar Ebara Pumps,3.6,147
ENTRI SOFTWARE,3.9,147
Machino Polymers,3.4,147
Tops Security,4.3,147
SKS Business Services,3.1,147
BizGurukul,4.2,147
Donaldson India Filter Systems,3.8,147
Onicra Credit Rating Agency,3.2,147
Mindcrest,2.5,147
Peerless Biotech,4.4,147
GIRDHARI LAL CONSTRUCTIONS,3.8,147
Stanadyne India,4.0,147
Kotak Mahindra Asset Management Company,4.0,147
SysArc Infomatix,3.4,147
Uttam Strips,3.5,147
SequelOne,3.3,147
Nium,3.5,147
Tops Security,4.3,147
SysArc Infomatix,3.4,147
Machino Polymers,3.4,147
Uttam Strips,3.5,147
Sobha Constructions,3.6,147
SequelOne,3.3,147
Sun Flag Steel,3.6,147
Arundhati Jewellers,3.8,147
Consern Pharma Limited,4.6,147
Western Coalfields,4.4,146
Prestige Estates Projects,4.4,146
DOGUS SOMA JV,4.3,146
NimbusPost,3.1,146
Vipul Motors,3.7,146
Adhunik Metaliks,3.4,146
Chennais Amirta International Institute of Hotel Management,3.5,146
Tekskills,3.9,146
Bausch & Lomb,3.7,146
Space Matrix Design Consultants,3.5,146
Meghmani Group,3.4,147
Isprava,3.3,146
NimbusPost,3.1,146
Tim Hortons,3.2,146
DOGUS SOMA JV,4.3,146
Thoucentric,3.8,146
DIC India,4.0,146
Bijnis,3.7,146
Axis Mutual Fund,3.8,146
Indivillage Tech Solutions,3.6,147
Hind Terminals,4.1,146
Techouts,4.0,146
STJ Electronics,3.3,146
Dealmoney Securities,3.1,146
Amazon Pay,3.8,146
Kimbal Technologies,3.8,146
ResearchAyu,4.2,146
Sourcefuse Technologies,2.9,146
DRYCHEM SOLUTIONS,4.0,146
Louis Dreyfus Company,4.0,146
Ocl Iron & Steel,3.6,146
Chennais Amirta International Institute of Hotel Management,3.5,146
BCITS,3.6,147
Klassic Wheels,2.6,146
Isha Foundation,4.2,146
Interra Information Technologies,3.0,146
illumifin,3.3,146
Bausch & Lomb,3.7,146
Space Matrix Design Consultants,3.5,146
Speed Engineering Solutions,3.9,146
AdamsBridge Global,3.5,146
Classic Marble Company,3.5,146
Head Digital Works,4.2,146
L&T Power Transmission & Distribution,4.3,146
Kirtane & Pandit,3.6,146
Barco Electronic Systems,4.1,146
Delux Bearings,4.2,145
Augustus Healthcare Solutions,3.8,146
Bijak,3.4,145
Light & Wonder,3.8,145
Alliance University,3.7,145
GKN Sinter Metals,3.9,145
CL Educate,3.6,145
Nxtra Data,4.1,145
Aero Club-Woodland Store,3.4,145
Kitex Garments,3.6,145
PharmaZell,4.3,145
Xcaliber Infotech,3.2,145
Sidwal Refrigeration Industries,4.2,145
Jash Engineering,3.9,145
MRI Software,3.3,145
Bombay Hospital,3.5,145
WAE,3.4,145
Unipath Specialty Laboratory,3.9,145
Sidel,3.6,145
Jodo,3.7,145
John Energy,4.0,145
Ojas Innovative Technologies,3.6,145
Omninos Solutions,4.2,145
GTN Engineering,4.1,145
NIS Management Private,3.6,145
Sidel,3.6,145
Pixon Energy,4.0,145
Xcaliber Infotech,3.2,145
Agriculture Insurance Company of India,4.1,145
Ojas Innovative Technologies,3.6,145
John Energy,4.0,145
Augustus Healthcare Solutions,3.8,146
Indian Armed Forces,4.5,145
GTN Engineering,4.1,145
NIS Management Private,3.6,145
Aero Club-Woodland Store,3.4,145
Nxtra Data,4.1,145
Digital Aptech,4.3,145
Fedora Solutions,3.3,145
Bdh Industries,4.7,145
CL Educate,3.6,145
GKN Sinter Metals,3.9,145
Alliance University,3.7,145
IREP Credit Capital,4.1,145
Khatib & Alami,3.4,145
Geodis Overseas,3.4,145
Khatib & Alami,3.4,145
Agriculture Insurance Company of India,4.1,145
Rabindranath Tagore International Institute of Cardiac Sciences,3.9,145
AECC Global,3.2,153
KLM Laboratories,3.7,152
Veeraraghavan & Company,3.1,145
Drytech Processes (I),3.8,145
J&F,3.4,145
B.L Agro Oils,3.9,145
"Apollo Gleneagles Hospitals, Kolkata",4.1,144
Brand Factory,4.6,144
Pramati Technologies,4.4,144
YFC PROJECTS,3.6,144
Arch Pharmalabs,3.9,144
Allyis India,3.1,144
Dangote Cement,4.1,144
Paras Spices,3.9,144
PGIMER,4.3,144
NewAge Software & Solutions,3.7,144
Hilton Garden Inn,3.9,145
Vee Gee Auto Components,3.9,144
Teliolabs,3.8,144
Infinite HR Solutions,3.1,144
Hindustan Colas,3.4,145
Akasa Air,3.3,158
Kabra Extrusion Technik,3.6,144
GTT Communications,3.3,144
Alniche Life Sciences,3.7,144
Sunbeam School,4.3,144
Advance Auto Parts,3.4,144
Sun King,3.9,144
Bhadra International,3.7,144
Amps Electrical Facility Services,3.2,144
Byju's Future School,3.3,144
Ascent Meditech,3.4,144
Haqdarshak Empowerment Solutions,3.8,144
Mtg Learning Media,3.7,144
Crane Consulting and Outsourcing,4.0,144
Trident Automobiles,4.6,144
Reliance Foundation India,4.0,144
Fourth Partner Energy,4.3,144
Gujarat Energy Transmission Corporation,4.2,144
First Step Babywear,4.1,144
Alpha Corp,4.4,144
Chemveda Life Sciences,3.9,144
W3Softech India,4.1,144
Girl Power Talk,4.6,144
Qualtech Consultants,3.6,144
Synamedia,3.3,144
CBNITS,3.8,144
Factspan,3.3,144
Mistral Solutions,3.5,144
RealEstateIndia.com,4.8,145
SDP & Associates (Office),3.6,144
Ford Motor Credit Company,4.1,144
Ncr Eduservices,3.1,144
Etraveli Group,2.8,144
Unify Facility Management,4.3,144
Puma Energy,2.9,144
PICL,3.7,144
Market Research Future Reports,3.4,144
Appsquadz Software,3.8,144
Karnataka Co-operative Milk Producers Federation,4.1,144
Shobhit Mediworld,4.0,144
Ecozen Solutions,4.2,144
Enfusion,3.3,144
Drake & Scull International PJSC,4.4,143
SKS Ispat & Power,3.2,143
Sri Ramachandra University,4.3,143
JL Morison India,4.5,143
IMMCO,3.1,143
T&N Business Services,4.7,143
Indian Institute of Technology Madras,4.1,143
98thPercentile,3.9,143
Galderma,3.5,143
Sage Metals,3.7,143
Shiksha Financial Services India,4.4,143
Cresce Technology Private Limited,4.0,143
Zeco Aircon,4.2,144
Bambino Pasta Food Industries,4.1,143
Fulcrum Worldwide Software,4.3,144
Bennett University,3.9,143
Lotus Wireless Technologies,3.1,143
Tcil,3.9,143
Annapurna Group,3.7,143
Europ Assistance India,3.5,143
Indian Institute of Management,3.7,143
Dairy Classic Ice Creams,4.3,143
Foiwe Info Global Solution,4.4,143
IIT Kharagpur,4.1,143
JQR SPORTS,4.1,143
ITC Group,3.8,143
Rapidtech IT Services,3.6,143
B New Mobiles,3.2,143
Demech Chemical Products,4.4,143
Ametek Instruments India,3.5,143
PubMatic,3.5,144
ETP International,3.2,143
Nirmal Industrial Controls,3.8,144
Ansys Software Private Limited,4.2,143
Victoria's Secret,3.9,143
Kutch Copper,3.7,156
Ceipal,3.1,143
4i apps solutions,3.6,143
Sirca Paints India,4.2,143
Borosil Renewables,3.8,143
CBTS TECHNOLOGY SOLUTIONS INDIA LLP,3.8,143
Orange Health Labs,3.8,157
Rotork Controls,3.4,143
Outbooks Outsourcing,3.7,143
Xcelore,4.8,143
Sri Balaji Action Medical Institute,4.0,143
Overnite Express,3.9,142
Nayati Hospital,3.3,142
Indian School Finance Company,4.6,142
The Oriental Insurance Co.,4.3,142
IVL Dhunseri Petrochem Industries,3.7,142
Sunil Hitech Engineers,4.5,142
New India Co-Op Bank,3.1,142
Techved Consulting,3.5,142
Brickwork India,3.5,142
Frontier Business Systems,3.2,142
India Pistons,2.7,142
Lester Infoservices,3.2,142
Takahata Precision,4.1,143
Karnataka Power Transmission Corporation,4.2,142
Privat Hospital,4.0,142
Academor,2.6,142
AL-SUWAIDI INDUSTRIAL SERVICES,3.5,142
Cronus Pharma Specialities India,3.6,142
Rakshit Drugs,3.7,142
Overnite Express,3.9,142
New India Co-Op Bank,3.1,142
SurePrep,4.0,142
Nesma Trading,4.2,142
Akrivia Automation,4.3,142
Core Diagnostics,3.9,142
UNI Klinger,3.9,142
Shreeji Infrastructure,3.6,142
Lester Infoservices,3.2,142
Bando India,4.0,142
ARK Infosolutions,3.7,142
Lupin Diagnostics,4.0,142
Kamdhenu Paints,2.9,142
UNI Klinger,3.9,142
Brickwork India,3.5,142
Frontier Business Systems,3.2,142
Privat Hospital,4.0,142
Rakshit Drugs,3.7,142
Takahata Precision,4.1,143
Karnataka Power Transmission Corporation,4.2,142
India Pistons,2.7,142
Techved Consulting,3.5,142
Academor,2.6,142
AL-SUWAIDI INDUSTRIAL SERVICES,3.5,142
FANUC,3.3,142
Baxter Pharmaceuticals,4.2,142
Alcove Realty,4.0,149
KEM Hospital,3.6,142
Pacific Global Solutions,3.3,142
Kerry Ingredients,3.4,142
Asclepius Wellness,3.7,143
SHRI LAKSHMI STEEL SUPPLIERS,4.1,142
Alteus Biogenics,2.7,142
Calix,4.0,142
Spinks Softech,4.1,141
Suntara Cosmetics,3.7,141
Akshara Enterprises,3.4,141
KollegeApply,4.0,141
OPK e Services,2.9,141
Group Surya Peb,3.6,141
Tanla Platforms,3.0,141
Archidply Industries,3.4,141
OptiSol Business Solutions,3.8,141
Sony Pictures Networks,3.6,150
Areteans,3.5,141
Advance Career Solutions,4.0,141
Hyundai Steel,3.8,141
Cooper-Standard Automotive,4.1,141
Primus Super Speciality Hospital,3.8,141
Cooper-Standard Automotive,4.1,141
Moving Picture Company,3.7,141
G7 CR Technologies,2.9,141
Suntara Cosmetics,3.7,141
Akshara Enterprises,3.4,141
KollegeApply,4.0,141
Silver Consumer Electricals,3.3,141
Archidply Industries,3.4,141
Kamlesh Kumar Singh Engineers,4.4,141
ESSPL,4.0,141
Multani Pharmaceuticals,4.0,141
Areteans,3.5,141
Advance Career Solutions,4.0,141
Sony Pictures Networks,3.6,150
Primetals Technologies,4.1,141
National Oilwell Varco,4.0,141
Polestar Consulting,4.2,141
Schbang,3.0,141
Geo Designs And Research,3.5,141
Moving Picture Company,3.7,141
Geo Designs And Research,3.5,141
Multani Pharmaceuticals,4.0,141
Primetals Technologies,4.1,141
Polestar Consulting,4.2,141
National Oilwell Varco,4.0,141
Aczet,3.2,141
Kearney,3.0,146
Redisolve Software,2.7,141
Nitika Pharmaceutical Specialities,3.8,141
Primus Super Speciality Hospital,3.8,141
Goodrich Logistics Pvt. Ltd.,3.5,141
yellow.ai,3.0,141
Bottomline,3.3,141
Shree Hari Infraprojects,3.3,140
Mobineers Info Systems,4.2,140
Preet Group,3.8,140
Antraweb Technologies,3.8,140
LUCKY MINERALS,3.8,140
Pearson,3.8,140
Future Market Insights,1.6,140
MicroGenesis Techsoft,3.6,141
Piramal Group,4.0,140
builder.ai,2.8,140
FarMart,4.0,140
Shyplite,3.8,140
Smart Call Center Solutions,3.3,140
Rus Education,4.3,140
Luxor International,3.6,140
Eskag Pharma,3.2,140
NCDEX,3.4,140
Surya Food & Agro,3.4,140
Rina India,3.8,140
Wellknown Polyesters,3.7,140
IIT Kanpur,3.9,140
Institutional Shareholder Services,3.5,140
Lumax Mannoh Allied Technologies,3.7,140
Madhavbaug,4.0,140
AIDA Cruises,3.5,140
Global Consumer Products,4.3,140
Shree Hari Infraprojects,3.3,140
Mobineers Info Systems,4.2,140
Preet Group,3.8,140
Saint-Gobain Abrasives,3.5,140
Antraweb Technologies,3.8,140
MicroGenesis Techsoft,3.6,141
LUCKY MINERALS,3.8,140
NCDEX,3.4,140
builder.ai,2.8,140
Madhavbaug,4.0,140
Ayana Renewable Power,4.3,140
Megha Gas,3.6,140
Priyagold Biscuits,2.7,140
Ravi Infrabuild Projects,3.8,140
Eldeco Infrastructure & Properties,4.2,140
Healthworld Hospitals,4.0,140
Dr L H Hiranandani Hospital,3.8,140
Gsp Power Projects,3.9,140
Livesalesman,4.8,139
Technofab Engineering,4.1,139
Doctors for you,3.8,139
INDIAN DESIGNS,3.8,140
Aditya Birla SunLife Asset Management Company,3.8,139
ChicMic,4.3,139
LAKME ACADEMY,3.2,139
Lokal App,3.5,139
Rozana Rural Commerce Private Limited,3.3,139
Skillinabox,4.2,139
Orion Security Solutions,2.9,139
MRL Tyres,3.5,148
COMSTAR AUTOMOTIVE TECHNOLOGIES,3.6,139
All Out,3.8,139
Adma Solutions,4.4,139
New Swan Enterprises,3.7,139
Lokmanya Multipurpose Co-op Society,3.1,139
Amec Foster Wheeler,3.9,139
Bimbo Bakeries India,3.7,140
Accountant Anywhere Services,4.2,139
Avon Cycles,4.0,139
TripFactory,2.1,139
INDIAN DESIGNS,3.8,140
Nikhil Adhesives,3.9,139
Adma Solutions,4.4,139
All Out,3.8,139
New Swan Enterprises,3.7,139
Q Connect Corp,3.5,139
Avon Cycles,4.0,139
Codilar Technologies,4.0,139
Accountant Anywhere Services,4.2,139
TripFactory,2.1,139
Nucsoft,2.6,139
ChicMic,4.3,139
A.t.e. Enterprises,3.9,139
Aditya Birla SunLife Asset Management Company,3.8,139
LAKME ACADEMY,3.2,139
Lokmanya Multipurpose Co-op Society,3.1,139
Rozana Rural Commerce Private Limited,3.3,139
Lokal App,3.5,139
MRL Tyres,3.5,148
Skillinabox,4.2,139
Shri Ram Finance Corporation,3.0,148
Xylem Learning,3.9,139
One Trust,3.0,139
Moris Media,4.3,139
Cello World,3.3,140
94.3 MY FM,3.6,139
Houzeo,3.9,141
Techavera Solutions,4.2,138
Saudi Oger,4.4,138
BASIX Academy for Building Lifelong Employability,3.9,138
Abu Dhabi Commercial Bank,3.5,138
SOGEFI,3.3,138
Csc Computer Education,4.4,138
Locobuzz,2.5,138
Lycatel BPO,2.6,138
Maneesh Pharmaceuticals,4.0,138
Affiliated Computer Services,3.6,138
Ajeet Seeds,3.7,138
Seashell Logistics,3.7,138
Vikram Sarabhai Space Centre,4.4,138
Maintec Technologies,3.8,138
DigiLantern,3.5,138
Quadgen Wireless Solutions,3.8,139
Ceigall,3.3,150
Rural Electrification Corporation,3.7,138
Azuga Telematics,3.6,138
Lycatel BPO,2.6,138
Maneesh Pharmaceuticals,4.0,138
Shivalik Prints,4.1,138
Gits Food Products,4.0,138
Airef Engineers,3.9,138
Star Paper Mills,3.8,138
Mahesh Edible Oil Industries,3.6,138
Actis Technologies,4.1,138
Deutsche Telekom,3.3,138
Aksh Optifibre,3.8,138
Maple Digital Technology,3.2,138
Alliance Group,4.0,138
Vikram Sarabhai Space Centre,4.4,138
Shiksha.com,3.4,138
Jsw Infrastructure,4.2,138
DRN Infrastructure,3.2,138
Sovereign Pharma,3.9,138
Sunshine Hospitals,4.1,138
HealthAsyst,3.8,138
Birla Precision Technologies,3.5,138
Maiva Pharma,3.8,138
V2soft,3.4,138
Banaras Hindu University,4.7,138
EIH,3.7,138
Hestabit Technologies,3.5,138
Monotype,3.4,138
Maintec Technologies,3.8,138
The Hackett Group,3.2,138
MariApps Marine Solutions,3.3,138
Quadgen Wireless Solutions,3.8,139
Ceigall,3.3,150
Interactive Brokers,3.3,138
Actis Technologies,4.1,138
VLink,3.6,138
Shiksha.com,3.4,138
Freudenberg Gala Household Product,3.9,138
Sushima Pharmaceuticals,3.7,138
Aarthi Scans and Labs,3.4,138
Behr Hella Thermocontrol,4.0,138
Rockman Group,3.9,139
Sitec Labs,4.1,138
Sagacious IP,3.4,138
HealthSpring,2.7,137
Glocal Healthcare Systems,3.3,137
Pyro Group,3.5,137
Panoli Intermediates India,4.0,137
Valdel Engineers & Constructors,2.8,137
Herman Miller,4.3,137
Surya Hospital,3.7,137
APL Logistics,3.7,137
Ntrust Infotech,3.4,137
SPD Constructions,3.8,139
Naaraayani Sons,3.0,137
International Crops Research Institute for the Semi-arid Tropics,3.7,137
SAVE Solutions,3.9,137
7 Eleven,3.4,142
Royal HaskoningDHV,4.4,137
Cogneesol,3.3,137
KMC Constructions,4.3,137
REC Power Development and Consultancy,4.1,137
Decision Point,3.4,137
Tarasafe International Private Limited,4.6,137
Panda Retail Company,4.2,137
Ascend Telecom Infrastructure,4.2,137
Symbiosis International University,3.8,137
A. Menarini India,3.5,137
M Tech Innovations,3.2,137
Sterling Auxiliaries,3.2,137
DigitalTrack Solutions,3.8,137
Harsha Engineers International,3.9,137
Perto,3.6,137
Luker Electric Technologies,3.8,137
Vibatel Solutions,3.5,137
Agastya International Foundation,3.5,137
Serdia Pharmaceuticals,3.7,137
Suwasthi,2.4,137
Worldpay,4.1,137
Peoplelink Unified Communications,3.7,137
Shahnaz Husain Group Of Companies,3.1,137
GoBoult,3.7,137
Pricol Engineering Industries,3.8,138
"MAT Holdings, Inc",3.9,137
Viney Corporation,3.7,137
THERMAL SYSTEMS,3.9,137
IRIS RegTech Solutions Limited,3.5,137
Central Academy School,3.6,137
Prothious Engineering Services,2.9,137
Radixweb,3.5,138
Enrich Energy,4.1,137
HMT Machine Tools,4.0,137
Weir Minerals,4.0,137
TML Business Services,3.9,137
NLMK India,3.5,137
Toshiba Johnson Elevators,4.1,137
M Tech Innovations,3.2,137
Ntrust Infotech,3.4,137
APL Logistics,3.7,137
Surya Hospital,3.7,137
Vibatel Solutions,3.5,137
Sterling Auxiliaries,3.2,137
Agastya International Foundation,3.5,137
Radixweb,3.5,138
Harsha Engineers International,3.9,137
KMC Constructions,4.3,137
The Wadhwa Group,3.4,137
Mankind Specialities,3.8,137
Altos Global Services,3.6,137
MediaTek India Technology,3.8,137
Digi Clarity Global Solutions,4.1,137
Tara Consultancy Services,2.8,138
Solitaire World,3.9,136
Fipola Retail,3.7,136
PhableCare,2.6,136
XSEED Education,3.0,136
Nifco India,3.7,136
Daimler,4.0,136
Manpasand Beverages,3.7,136
Colan Infotech,3.3,136
Infotech,4.4,136
Facilities And Building Solutions,3.6,136
BrowserStack,3.5,136
Oman Shapoorji Llc,3.6,136
Lloyd Electric & Engineering,3.6,136
Cherise India,3.8,136
Marwadi Shares & Finance,4.3,136
Deoleo,4.1,136
SNS College of Technology,4.7,136
Freight Tiger,3.6,136
MeritTrac,3.7,136
Calling 24o7 Bpo Services,3.9,136
Bharuch Enviro Infrastructure,4.0,136
Annet Technologies,3.7,136
Novopay Solutions,2.9,136
mPHATEK Systems,3.4,136
Country Holidays Travel India,3.2,136
Titan Biotech,3.3,136
HM Constructions,4.5,136
Komatsu,3.6,136
K.R.Pulp & Papers,3.3,136
Apraava Energy,4.4,136
Sungwoo Hitech,4.0,136
Robt Stone (ME) LLC,2.8,136
Bhate & Raje Construction Co.,4.1,136
QUTONE CERAMIC,3.7,136
Hitachi Automotive Systems,4.2,136
Bansal Hospital,4.1,136
Ashida Electronics,3.9,136
Preet Tractors,2.7,136
AI Engineering Services,3.5,136
Fabtech Technologies International,3.5,136
42Gears Mobility Systems,3.9,136
Norwegian Cruise Line,4.2,136
Winman Software,4.2,136
3 Gen Consulting,3.1,136
K.R.Pulp & Papers,3.3,136
Apraava Energy,4.4,136
Futuresoft Solutions,3.0,136
Indus Cosmeceuticals,4.3,136
Vtc Tradewings,4.0,137
LC Infra Projects,3.9,136
Shipsy,4.2,136
Yanfeng Automotive Interiors,3.9,136
APEEJAY EDUCATION SOCIETY,3.1,136
Shankar Electricals,3.6,136
Genus Innovation,3.6,136
Aligned Automation,3.8,136
Deduce Technologies,3.2,136
Birla Fertility & IVF,3.9,137
Eptisa,3.5,136
KWALITY DAIRY (INDIA),3.9,135
DigiVersal Consultants,2.4,135
Digicommerce Solutions LLP,4.7,135
Forbes Facility Services,4.2,135
Frugal Testing,4.6,135
Complere Infosystem,4.3,135
IMS Learning Resources,3.7,135
SkillCircle,4.1,135
Sberbank Branch in India,3.1,135
Detox Group,4.0,135
Dana TM4,4.0,138
UTI Technology Services,3.4,135
Dr.SNS Rajalakshmi College Of Arts and Science,4.9,135
Mytrah Energy,4.2,135
FabAlley,3.9,135
Quatrro Mortgage Solutions,3.1,135
Planet PCI Infotech,3.6,135
Prabha Automotive Engineers,3.8,135
rProcess Outsourcing Services,3.4,135
DNV,4.0,135
Besmak Components,3.9,135
Unique Measurement Service,4.5,135
Trn Energy,3.4,135
SAG Infotech,3.4,135
Vista Furnishing Limited,4.1,135
Trn Energy,3.4,135
Jio Payments Bank,3.8,135
Dana TM4,4.0,138
Magna Steyr,4.2,135
Omega Elevators,3.8,135
Detox Group,4.0,135
POSCO,4.0,135
Stanvac Chemicals,3.1,135
Bansal Classes,3.3,135
Gemini Consulting & Services,3.8,135
Solar Defence And Aerospace,3.8,135
Dr.SNS Rajalakshmi College Of Arts and Science,4.9,135
Complere Infosystem,4.3,135
Forbes Facility Services,4.2,135
Paramount,3.3,135
Vista Furnishing Limited,4.1,135
Harley-Davidson,3.8,135
rProcess Outsourcing Services,3.4,135
DNV,4.0,135
Sberbank Branch in India,3.1,135
S S Enterprises,3.8,135
Solulab inc,3.0,135
Zenith Leisure Holidays,3.4,135
Eisneramper LLP,2.8,135
V S International,3.8,135
Pioneer Wincon,4.2,135
Strata Geosystems,3.8,135
SPARX IT Solutions,3.7,134
Quality Evaluation And Systems Team,4.1,134
vConstruct,3.7,134
Tafe Access,3.8,134
Husk Power Systems,3.3,134
VaaaN Infra,3.4,134
Testhouse,4.2,134
Arbro Pharmaceuticals,3.8,134
Saifee Hospital,3.1,134
FinAdvantage,3.9,134
Zaggle Prepaid Ocean Services,3.3,134
Bluecraft Agro,3.5,134
EDUGORILLA COMMUNITY,3.3,134
AAI Cargo Logistics and Allied Services Company,2.8,134
Stemmons Business Services,4.1,134
91Squarefeet,3.3,134
Yahoo,4.4,134
Digital Nirvana Information Systems,3.4,134
Vigour Mobile,3.6,134
Smile Foundation,4.1,134
DMI DRAEXLMAIER MANUFACTURING,3.7,134
DWD Pharmaceuticals,3.3,134
Esme Consumer,4.0,140
Dexian India Technologies,3.7,134
Mahindra Aerospace,3.8,134
Propelld,3.6,134
Dinesh Engineers,3.9,134
Qbss,3.8,134
ClinicAnywhere,3.2,134
Sandvik Coromant,4.1,134
Servify,3.7,134
Axles India,3.4,134
Comnet Solutions,3.5,134
Mapro Foods,3.6,134
TD Power Systems,3.7,137
NCR Atleos,3.8,157
Raheja Universal,4.1,134
Tcg Digital Solutions,3.3,134
ESIC Medical College and Hospital,4.0,134
Viztar International,3.3,134
Tata Trusts,4.3,134
Dunkin' Donuts,3.6,134
RAMADA PLAZA,4.1,134
Benteler Automotive,4.0,134
Khandelwal Laboratories,4.1,134
Flemingo Duty Free Shop,4.1,134
Sakal Media Group,3.5,134
Weavetex Overseas,3.6,134
New Swan Multitech,4.0,134
Jindal Stainless Steelway,4.0,134
CG Corp Global,3.1,134
Appcino Technologies,3.4,134
PrimeXBT,4.7,134
Servify,3.7,134
Manav Rachna International School,3.7,134
Oman National Engineering & Investment Company,4.0,134
Smiths Detection,3.8,134
Yocket,3.7,134
Jolly Containers,3.7,134
Remsons Industries,3.8,134
Daicel Chiral Technologies,4.2,134
Akshayakalpa,3.9,134
YCH Logistics,3.9,134
IPAC,3.2,133
Amalgamated Plantations,3.7,133
DAEWOO E&C,4.2,133
Counsel India,3.6,133
Shilpa Steel and Power,3.5,133
Electronics for Imaging,3.8,133
ToXSL Technologies,3.8,133
Beyondriffs,4.6,133
ZoomRx,2.6,133
Electrostar Electronics,4.0,133
Ace Creative Learning,3.8,133
Electrostar Electronics,4.0,133
Sofcon India Pvt Ltd,3.6,138
Malpani Group,4.1,133
Sanathan Textiles,4.1,133
Counsel India,3.6,133
Mas Rural Housing Mortgage Finance,4.1,133
Electronics for Imaging,3.8,133
Century Real Estate,3.8,134
ToXSL Technologies,3.8,133
H-one India,3.9,133
V.Ships,4.0,133
HPI Limited,3.7,133
Fixderma,3.3,133
The Nuance Group AG,4.3,133
ZoomRx,2.6,133
Beyondriffs,4.6,133
Marquis Technologies,3.2,133
Rigved Technologies,3.8,133
IPAC,3.2,133
Modern Foods,3.6,133
Amalgamated Plantations,3.7,133
DAEWOO E&C,4.2,133
Vkc Nuts,3.5,133
Bangalore Electricity Supply Company,3.7,133
Voltech Hr Services,3.1,133
Pravin Electricals,4.2,133
RELX Group,3.4,133
Homeocare International,3.4,133
The Judge Group,3.2,133
Capline Services,3.0,133
Progcap,4.0,133
Sindhuja Microcredit,3.7,148
Anjan Drug,3.3,133
Della Group,3.6,133
Farida Group,4.0,133
Jss Pro Services,3.8,133
Axis Asset Management Company,3.7,133
Sical Logistics,4.0,132
FNF India,3.8,132
A.P.Securitas,4.2,132
Lectrix Ev,3.6,132
SURYA INTERNATIONAL ENTERPRISE,4.0,132
TetraSoft,3.7,132
Century Rayon,3.8,132
Sourcedesk,4.1,132
CASHe,3.4,132
D Light Energy,3.7,132
ERA's Lucknow Medical College & Hospital,3.9,132
7SearchPPC,4.8,132
APC By Schneider Electric,4.4,132
Juego Studios,4.2,132
Real Ispat & Power,3.7,132
Vikram Tea,4.3,132
Idea Infinity IT Solutions,3.1,132
Protiviti Consulting,3.1,132
Dulux,4.2,132
Arihant Capital Markets,3.3,132
Times Network,3.2,133
Dream11,3.9,132
Sigma,3.8,132
Institute of Chemical Technology,4.0,132
Distacart,4.7,132
Obeetee,3.9,132
ARDEE INDUSTRIES LIMITED,3.9,132
Ramdev Food Products,4.5,132
Sakthi Finance,4.0,132
Dachser,3.9,132
Blue Jet Healthcare,3.8,132
Shri Ram Murti Smarak Institute of Medical Sciences,3.6,132
Viveks,4.0,133
Centurion University of Technology and Management,3.5,132
Sugam Homes,4.5,132
Krishna Penstone Automotive,3.9,132
DELTA,4.2,132
IJM (India) Infrastructure,4.0,132
Presidium School,3.5,132
Rieco Industries,3.0,132
Glen Appliances,4.1,132
Metalman Microturners,3.8,132
Century Rayon,3.8,132
ERA's Lucknow Medical College & Hospital,3.9,132
ARDEE INDUSTRIES LIMITED,3.9,132
Ramdev Food Products,4.5,132
Distacart,4.7,132
Sakthi Finance,4.0,132
Publicis Global Delivery,4.0,132
Chalo,3.6,132
Heranba Industries,3.8,139
V-ensure Pharma Technologies,3.2,132
Turner & Townsend,3.9,132
Allzone Management Solutions,4.3,132
Nesto Hypermarket,3.8,132
Accumax,3.9,132
Choice Equity Broking,3.3,133
Datwyler Group,3.8,132
Global Cloud Xchange,3.5,131
Camp K-12,3.3,131
Perennial Systems,4.1,131
Tradologie.com,2.7,131
Just Dogs,3.6,131
Unified Infotech,4.3,131
Signity Software Solutions,4.1,131
Secure Network Solutions,4.4,131
Unique Infra Engineering India Private Limited,2.9,131
Wipro Insurance Solutions,3.5,132
Envision Overseas Education Consultants,4.0,131
Walko Qsr Company,4.0,132
Antal International,3.6,131
Sarita Handa Exports,3.6,131
Blackstone Center of Excellence,2.6,131
Winkies,3.9,131
Ocean Life Spaces,3.7,131
Ashok Iron Group,3.7,131
Rinac India Limited,3.9,131
Al Fara'a Group,3.1,131
Global Cloud Xchange,3.5,131
Tradologie.com,2.7,131
Tecnics Integration Technologies,3.3,131
Spykar Lifestyles,4.0,131
Urbanpro,3.8,131
Winkies,3.9,131
Sarita Handa Exports,3.6,131
Antal International,3.6,131
OVT India,3.4,131
Multi Mantech International,2.2,131
Cascade Revenue Management,3.3,131
Just Dogs,3.6,131
Unified Infotech,4.3,131
Ascentrik Research Services,1.8,131
Signity Software Solutions,4.1,131
Wipro Insurance Solutions,3.5,132
Secure Network Solutions,4.4,131
Express KCS,3.6,131
Walko Qsr Company,4.0,132
Envision Overseas Education Consultants,4.0,131
Nuvento Systems,3.2,131
Palo Alto Networks,3.7,131
Mittsure Technologies,2.8,131
Abs Fujitsu General,3.8,131
EasyRewardz Software Services,2.8,131
Continental Coffee,4.1,131
Spectra Technovision India,3.3,132
Total Shipping & Logistics,3.1,131
Wittur Elevator Components,3.8,131
Hansa Research Group,3.6,131
V-Soft Consulting,3.0,131
ECS | Enterprise Change Specialists,4.4,130
TalentSprint,4.0,130
Tirupati Life Sciences,4.3,130
Uttar Pradesh Jal Nigam,4.1,130
Ardom Towergen,3.9,128
Hungama,3.2,130
SANY Group,3.8,130
Enkei Wheels India,3.6,130
Sterling Manufacturing Company,3.7,130
Devgiri Forgings,3.6,130
Foxlink India Electric,3.8,130
Fragma Data Systems,3.9,130
Aurore Life Sciences,3.1,130
Foxlink India Electric,3.8,130
Pride Purple Group,4.0,130
PSG Hospitals,4.1,130
Ideas 4 Transformation,3.1,130
Connect India E Commerce Services,2.9,130
BMA Wealth Creators,4.4,130
ECS | Enterprise Change Specialists,4.4,130
Gamma Process Hub,3.7,130
SMARTe,3.7,130
Greytrix,3.2,131
The West Coast Paper Mills,3.7,131
Growisto,4.3,130
IT Solutions,3.5,130
Enkei Wheels India,3.6,130
Devgiri Forgings,3.6,130
Aurore Life Sciences,3.1,130
Packt Publishing,3.0,130
Monotech Systems,3.5,130
Sanzyme,3.8,130
Reliable Business Solutions & Services,2.9,130
Greytrix,3.2,131
Nucot,4.6,130
Gillette,4.2,130
MindSquare Technologies,4.5,130
J. M. Mhatre Infra,4.0,130
Narayana Superspeciality Hospital,4.0,130
Ajnara India,3.5,130
Perceptive,3.4,130
Auma,3.5,130
Marquistech,3.8,130
GlowTouch Technologies,3.0,131
Bristol Healthcare Services,3.1,130
Ideas 4 Transformation,3.1,130
Planet EDU,3.4,130
Packt Publishing,3.0,130
Sanzyme,3.8,130
Reliable Business Solutions & Services,2.9,130
GEEBEE Education,3.1,130
MTX Group,3.2,137
Aqua Group,4.1,130
CloudThat Technologies Private Limited,4.0,130
Inadev,3.3,130
MassMutual,3.8,130
Snowcem Paints,4.4,130
Captain Tractors,4.4,130
31 Parallel,1.9,129
Ferromatik Milacron,3.5,129
Al Hassan Engineering Company SAOG,3.9,129
INVENTIVE SOFTWARE SOLUTIONS,3.8,129
A.K.AUTOMATICS,3.8,129
Seeds Fincap,3.6,130
Anik Milk Products,3.6,129
Curia,3.9,139
Repos Energy,3.6,129
Kusalava International,3.8,129
FIL Industries,3.4,129
Noble Hospital,3.8,129
Boyen Haddin,3.5,129
Fiverr Inc.,4.4,129
Dietech India,4.1,129
The George Telegraph Training Institute,2.9,129
Advatix,2.9,129
Mangalam Drugs & Organics,3.5,129
Appy Pie,3.7,129
Fertilisers and Chemicals Travancore,4.2,129
GE Capital,4.4,129
Indo-Tibetan Border Police,4.6,129
Supreme Petrochem,3.8,129
Desire Energy Solution,3.8,137
Junomoneta Finsol,2.9,129
Kruger Ventilation Industries,3.4,129
CriticaLog India Private Limited,4.2,129
Mantle Solutions,3.2,129
Press Fit Pipe And Profile,4.1,129
Crif High Mark Credit Information Services,2.7,136
HP ADHESIVES,4.0,129
Alpha Net Consulting,4.5,129
Idom,4.1,129
Spocto X,3.5,129
S K Samanta & Co,3.3,129
Duroply Industries,3.8,129
Telegence Powercomm,3.4,129
Anand Engineering Products,3.3,129
PATH India,4.2,129
Superon Schweisstechnik India,3.8,129
B. E. Billimoria,4.0,129
M3bi,4.1,129
Riello Power India,3.7,129
Omega Hospitals,4.0,129
ESRI India Technologies,3.7,129
Gainsight,3.9,129
Emtec,4.3,130
Kion India,3.5,129
AXA,3.8,129
Mizuho Bank,3.3,129
River Mobility,3.9,129
Axis Clinicals,4.0,129
ADM India,4.1,129
eNTrust Software & Services,3.6,129
Sterling Accuris Wellness,4.1,129
ImagicaaWorld Entertainment Limited,3.6,129
Siemens Industry Software (India),4.2,129
Crimsoune Club,3.8,128
HashCash Consultants,3.4,130
Wings Pharmaceuticals,3.1,130
ATPI,3.9,129
GlobeGround India,3.6,129
Nxtgen Datacenter Cloud Technologies,3.4,129
Elite Powertech,4.0,128
Ageis,3.5,128
CNS Comnet,4.1,128
DelEx Cargo,4.5,128
A2z Infra Engineering,3.8,128
Maharashtra Natural GAS,3.2,128
MK TRON Autoparts,3.4,128
INVESMATE,3.9,129
Neo Metaliks,3.5,128
Kimia Biosciences Limited,3.6,128
Hitachi MGRM Net,3.3,128
Doshion,3.7,128
Kalyaniwalla & Mistry,3.3,128
Coupa Software Inc,3.2,128
C-Square Info Solutions,3.5,128
HireRight,3.6,128
Valmont Structures,2.9,128
Eye7 Chaudhary Eye Centre,3.1,128
Nectar Infotel Solutions,2.8,128
Bar Code India,3.5,128
Sinclus Engineering Consulting,4.2,128
Aries Agro,4.1,128
Mochiko Shoes,3.6,128
MGM Healthcare,3.9,128
Competent Automobiles,4.0,128
ZestMoney,4.0,128
Weizmann Forex,4.3,128
Galore Networks,3.0,128
Inorbvict Healthcare,4.0,128
Choice Solutions (India),3.4,128
Facile Services,2.9,128
KSK Mahanadi Power Company,3.8,128
Leonia Holistic Destination,3.7,128
Mahalakshmi Profiles Private Limited,3.6,128
Insurance Company,4.1,128
Pratiti Technologies,3.5,128
Almonds Ai,4.4,128
Rare Rabbit,3.5,128
cloudEQ,3.4,128
Likewize,3.4,126
Andhra Pradesh Grama/Ward Sachivalayam,4.0,128
Ind Synergy,3.9,128
Daelim Industrial Co.,4.8,128
Ebix Smartclass Educational Services,4.0,129
Swarovski India,3.9,128
Gulshan Homz,4.1,128
Yamaha Motors Solutions,3.1,128
Signals & Systems (India) Private Limited,3.8,128
Sanjay Ghodawat Group,3.5,128
Arrivae,3.3,128
Visit Health,3.0,128
Kiran Motors,3.6,128
Aditya Vision,3.9,128
Nala Robotics,1.8,127
Valu Connex Telecom Services Private,4.3,127
Karma Ayurveda,3.8,127
Oxalis Pharmaceuticals,3.9,127
Hindustan Shipyard,4.1,127
Ata Freight Line,3.4,127
Rashi Peripherals,3.7,127
Indian Potash,3.7,127
Baker Gauges,3.6,127
John Distilleries,3.8,127
Gigmo Solutions,3.9,127
IVY SOFTWARE DEVELOPMENT SERVICES,3.8,127
Smile Electronics,3.6,127
Edge Telecom,3.5,127
Ameriprise India,3.4,127
DavaIndia,3.7,147
CORNITOS,4.1,127
IDA Automation,3.8,131
Sadara Chemical Company,3.9,127
CORNITOS,4.1,127
MAJID AL FUTTAIM RETAIL,3.4,127
Manorama Industries,4.5,127
C2L BIZ,3.1,127
Geeklurn,3.6,127
Hubert Enviro Care Systems,2.8,127
Naresh Kumar & Co.,4.3,127
Fia Technology Services,3.4,127
Saasguru,2.0,127
AstraGen,3.7,127
IndiaCan,4.6,127
Gracenote,3.4,127
Indian Acrylics,3.8,127
John Distilleries,3.8,127
Saya homes,3.9,127
Lot Mobiles,3.5,127
Shalimar Group,4.0,127
IDA Automation,3.8,131
Alexis Global,3.8,127
Lion Services,3.7,127
Bansal Wire Industries,3.5,127
Tilaknagar Industries Ltd.,4.2,127
Bizmatics India,3.2,127
Ice Mortgage Technology,3.3,127
Sadara Chemical Company,3.9,127
Smile Electronics,3.6,127
Technians Softech,4.0,127
Rockwell Industries,3.6,128
Ata Freight Line,3.4,127
RPG Group,3.6,127
Indian Potash,3.7,127
Baker Gauges,3.6,127
Chemspec Chemicals,3.5,127
Gigmo Solutions,3.9,127
Edge Telecom,3.5,127
Ameriprise India,3.4,127
Rajagiri Hospital,4.1,127
IVY SOFTWARE DEVELOPMENT SERVICES,3.8,127
DavaIndia,3.7,147
Dsm Shared Services India,4.0,127
Shantha Biotechnics,4.8,127
FBSPL- Fusion Business Solution P Limited,3.5,127
Chargebee,3.8,127
Linamar,3.7,127
Siec Education,2.8,127
DUKES,3.7,127
Equinix,3.1,127
CamelQ Software Solutions,4.1,127
Golden Tulip Hotels,3.4,127
Marvell,3.7,127
Dhanlaxmi Bank,4.1,127
Reynold India,4.6,127
Orris Infrastructure,4.0,127
Bigshare Services,3.0,127
Saurer,3.8,127
Megha Fruit Processing,3.8,128
Avvashya Cci Logistics,3.6,126
Retailio,3.8,126
QO BOX,4.6,126
Vogo Automotive,4.0,126
Vandhana International,3.7,126
Techila Global Services,3.9,126
ABIL Group,4.3,126
Comau,3.4,126
Jai Raj Ispat,3.5,126
Minosha,4.0,126
Cxc Infotech,3.3,126
FirstMeridian Business Services,3.7,126
Fairmont Hotels & Resorts,3.5,126
Bansal Group,3.5,126
Aapna Infotech,4.3,126
Vkl Seasoning,3.8,126
Mangalam Information Technolgies,3.3,126
ICSIL,3.0,126
PlasmaGen Biosciences,3.7,126
TerraPay,3.4,126
Cococart Ventures,3.5,126
Xerago,3.1,126
Phreesia,2.5,127
Dasnac,4.7,126
Cococart Ventures,3.5,126
Xerago,3.1,126
TerraPay,3.4,126
FirstMeridian Business Services,3.7,126
PlasmaGen Biosciences,3.7,126
Vkl Seasoning,3.8,126
Tumbledry Solutions,3.8,126
Growel Softech,2.6,126
Nahar Spinning Mills,4.1,126
Paramount Products,4.2,126
Mangalam Information Technolgies,3.3,126
ICSIL,3.0,126
Avvashya Cci Logistics,3.6,126
Vogo Automotive,4.0,126
Global Market Insights,3.0,126
Anmol Biscuits,4.3,126
Vandhana International,3.7,126
LNJ Bhilwara Group,3.8,126
Tide Water Oil,3.8,126
Minosha,4.0,126
Jupiter Money,2.5,127
Inspace Technologies,3.8,126
PPS International,3.7,126
ARKA Fincap,3.8,126
Njs Engineers India,4.2,126
Nahar Spinning Mills,4.1,126
Tumbledry Solutions,3.8,126
Growel Softech,2.6,126
Paramount Products,4.2,126
P&R Infraprojects,3.7,126
TalentOla,3.6,126
Hicool Electronic Industries,4.1,129
Thyssenkrupp Industries and Services,4.1,126
Ruban Memorial Hospital,3.9,126
Elancer It Solutions,3.3,127
Lloyds Engineering Works Limited,4.2,126
Transcom India,2.5,126
Argl,4.1,126
Wishup,4.1,126
Desnor Destination,3.7,126
Supriya Lifescience,3.6,125
Ganga Medical Centre & Hospitals,4.2,125
Cheers Interactive,3.1,125
SATTRIX Information Security,2.9,125
RFCL,3.6,125
Indian Institute of Science Education and Research,3.7,125
Emonics,3.5,124
Axtel Industries,3.9,125
IIDE - The Digital School,3.9,125
Genus Electrotech,3.5,125
Pennant Technologies,4.0,125
WebFurther,3.3,127
SBM Offshore,4.3,125
Dayanand Medical College & Hospital,3.5,125
Schiller Healthcare India,3.8,125
Bizbox Publishing,2.9,125
Holcim Global Hub Business Services,4.2,125
Accubits Technologies,3.1,125
Beroe Inc,4.2,125
MDI NetworX,3.5,125
Footprints Play School,3.2,125
Amol Pharmaceuticals,4.0,125
Pune Institute of Business Management,2.9,125
Indian Synthetic Rubber,4.0,125
Continuum Global Solutions,3.6,125
Openview Technologies,3.3,125
Cerence,3.1,125
Multitex Filtration Engineers,3.5,125
Koso India,4.1,125
Medanta S.N. Superspecialty Hospital,4.1,125
MAP Systems,2.9,125
Pan Seeds,3.7,125
Government Polytechnic Nagpur,3.9,125
Jayabheri Automotives,3.9,125
Redington Gulf,3.8,125
Dembla Valves,3.8,125
Korn Ferry,3.1,126
Tata Motors Insurance Broking And Advisory Services,4.0,125
NETPLUS Broadband Services,3.7,125
Sahara India Financial Corporation,3.9,125
PAVIT CERAMICS ( P),3.5,125
T & T Infra,3.9,125
Scholastic,4.1,125
GLOBALFOUNDRIES,3.4,125
Paras Buildtech,3.4,125
ANY Graphics,3.7,125
INFAC,3.8,125
AKGVG & Associates,3.2,125
House of Beauty,3.7,125
Smart IMS,3.9,125
Sai Construction,3.4,125
Intelegencia,3.3,125
Zieta Technologies,3.4,125
Cambridge Technology Enterprises,3.1,125
Jain Amar,3.0,125
Marino Food Products,4.0,131
Abhijeet Group,3.9,125
Amplifon,4.0,125
ISKCON,3.8,131
Infosys Springboard,4.6,125
Beroe Inc,4.2,125
Amol Pharmaceuticals,4.0,125
AlgoLeap Technologies,4.4,125
Dar Group,3.3,125
Envirocare Labs,3.9,125
Dentcare Dental Lab,3.8,125
NJ Group,3.4,125
Life Care Logistic,3.6,126
Kalpataru International,3.9,125
Conceptia Software Technologies,4.2,125
THDC,4.1,125
Robinhood Insurance Broker Limited,3.7,125
SVP Hospital,4.0,125
Zopsmart Technology,3.2,125
G.S.E.C,3.1,125
Valtech India Systems,3.9,125
Oaknet Healthcare,3.7,124
Shri Ram ComSoft Pvt Ltd - SRCOMSOFT,3.1,124
InnoEye Technologies,3.1,124
Wicked Ride Adventures,4.1,124
Bubugao Communication,4.2,124
Prabha Industries,4.0,125
Xtranet Technologies,3.1,124
Eaton Industrial Systems,4.5,124
Believe Cosmetics,3.2,124
Esyasoft,4.3,124
Fourth Dimension Technologies,3.5,124
Great Champ Technology Limited,3.0,124
Amwaj Catering Services,3.8,124
The India Thermit Corporation,3.5,124
Eco Protection Engineers,4.2,124
Moolya Software Testing,3.3,124
SDNA Global,4.0,124
Computer Junction,3.8,124
Jindal Water Infrastructure,3.9,124
Local Company,3.9,124
Godrej Housing Finance,3.6,124
HyTech Professionals,3.5,124
R-pac,3.3,124
Welcomhotel By ITC Hotels,4.2,124
Xtranet Technologies,3.1,124
SDNA Global,4.0,124
Eco Protection Engineers,4.2,124
Floating Numbers Digital Solutions,3.2,124
Bioworld Merchandising,3.4,124
Coloplast,3.3,124
Radiant Guard Services Pvt. Ltd. - India,4.9,124
Integrated Cleanroom Technologies,4.0,124
Fourth Dimension Technologies,3.5,124
Esyasoft,4.3,124
Rama group,3.7,124
Delhi Public School Ghaziabad Society,3.3,125
Radiant Enterprise,3.7,124
Performics,3.7,124
Jindal Water Infrastructure,3.9,124
Xome,4.3,124
Computer Junction,3.8,124
Eaton Industrial Systems,4.5,124
Nestor Pharmaceuticals,3.0,124
Choice International,3.3,124
Radiant Guard Services Pvt. Ltd. - India,4.9,124
Performics,3.7,124
Coloplast,3.3,124
Delhi Public School Ghaziabad Society,3.3,125
Integrated Cleanroom Technologies,4.0,124
Radiant Enterprise,3.7,124
Perpetuuiti Technosoft Services,3.7,124
Cartrade.com,3.8,124
R.k.industries,3.7,124
Apex Kidney Care,3.9,131
Forace Polymers,3.2,124
Krishna Enterprises,4.0,124
WAISL,4.0,124
Mahansaria Group,3.4,124
Sathya Agencies,4.0,124
Sangam Dairy,4.1,124
Infinity Fincorp Solutions,4.3,124
Food Service India,4.1,124
Celebrity Cruises,4.1,123
Srinivasa Farms,3.7,123
TVS Next,3.7,123
Hellmann Worldwide Logistics,4.0,123
Vishnu Solutions,3.7,123
MotivityLabs,3.0,123
Bijlipay,3.4,123
AutomationEdge,2.7,124
Infrabeat Technologies,3.8,123
SAN Engineering & Locomotive,4.0,123
Volansys Technologies,3.1,123
Ftcash,4.0,123
Galacon Infrastructure and Projects,3.3,123
Indira Gandhi National Open University,4.2,123
Tranistics Data Technologies,3.3,123
R.K Associates & Hoteliers,2.7,123
Paytm Mall,3.6,123
Acent High Soft Technologies,4.9,123
PGEIN,3.5,123
Modern Informatics,3.7,123
Alstrong Enterprises,4.2,123
Uk Realty,3.8,123
Clinic Dermatech,3.1,123
Encalm Hospitality,4.0,137
Maharishi Ayurveda Products,3.6,123
GadgEon,4.0,123
Honeywell Building Solutions,3.7,123
Tema India,4.1,123
Nikon,3.8,123
Gedu Services Private Limited,3.5,123
Funskool India,3.9,123
Aryan International,3.2,123
Full Creative,3.4,123
Nelson Global Products,3.5,123
Merck Specialities,4.1,123
Maaden Phosphate Company,4.3,123
Odisha Power Transmission Corporation,4.3,124
Suzlon Gujarat Wind Park,4.6,123
Rentokil Initial,3.5,123
Vi-son Industries,3.6,123
Manali Petrochemicals,3.5,123
Ashapurna Buildcon,3.6,123
Mtandt,3.8,123
ShipBob,3.9,123
QR Crypher,4.2,123
Prayagh Nutri Products,4.1,123
GetMyUni,3.4,123
Udaan Technologies,3.8,123
Edvoy,4.2,123
Nuvama Wealth Management,3.5,125
Autobahn Trucking Corporation,4.2,130
Consolidated Analytics,4.0,123
AL JABER GROUP,3.2,123
Gromax Agri Equipment,3.7,123
Kewaunee Labway,4.2,124
INFOCRUNCH ANALYTICS,3.2,123
Yulu Bikes,4.0,124
Mylab Discovery Solutions,3.0,123
Presidio Solutions Pvt Ltd,4.6,123
BetterPlace Select,4.1,122
Next Move Strategy Consulting,4.7,122
Maire Tecnimont,4.1,122
Next Move Strategy Consulting,4.7,122
Futures Group,4.6,122
MCaffeine,2.8,121
Maire Tecnimont,4.1,122
Cello,3.6,122
Kintetsu World Express,4.1,122
C H Robinson Worldwide Freight,3.4,122
Cybertech Systems & Software,3.4,122
Gmr Aero Technic,4.2,122
Apeejay Surrendra Group,3.5,122
Sigma Corporation India,4.0,122
DANA Graziano India,4.1,123
Anuhar Homes,3.3,122
Gesco Healthcare,2.4,122
WebMD,3.4,125
PearVisa Immigration Services,4.2,122
Forever New,4.1,122
Glory Global Solutions (south Asia),3.3,122
Express Housekeeper,3.8,122
Adamas University,2.8,122
GO MO Group AB,4.1,122
C H Robinson Worldwide Freight,3.4,122
Regus,3.1,122
Airworks,3.7,122
Apeejay Surrendra Group,3.5,122
Gates Unitta India Company,3.9,122
Microscan Infocommtech,4.1,122
Jain Housing & Constructions,4.2,122
DANA Graziano India,4.1,123
Petron Engineering Construction,4.4,122
WebMD,3.4,125
Anuhar Homes,3.3,122
ClinChoice,3.8,123
Gesco Healthcare,2.4,122
Glory Global Solutions (south Asia),3.3,122
Forever New,4.1,122
Multi Organics,3.1,122
Eastman Cast & Forge,2.6,122
PearVisa Immigration Services,4.2,122
Site Engineering,4.2,122
Sud Chemie,4.5,123
Swami Rama Himalayan University,3.9,122
DDRC Agilus Diagnostics,3.9,122
Maharashtra Rail Infrastructure Development Corporation,3.8,122
Dai Ichi,4.1,122
Airworks,3.7,122
API Holdings,3.6,126
SJS Enterprises,3.9,122
D&H Sécheron Electrodes,3.9,122
Lakshya Powertech Limited,3.9,122
EOX Vantage,3.3,122
Vivekananda Hospital,3.6,122
Indwell,3.5,122
Gm Infinite Dwelling,3.1,121
LIC Mutual Fund,3.5,122
Devon Software Services,4.0,122
Springworks,4.4,122
iPlace,3.7,122
ClinChoice,3.8,123
Multi Organics,3.1,122
PeopleStrong Technologies,3.4,122
Brindavan Bottlers,3.4,122
Aqua Tech Systems,4.2,122
Indore Composite,3.9,122
HL Klemove,3.3,122
Cogeme Precision Parts,3.8,122
Defsys Solutions,3.8,122
SA Technologies,3.2,122
Veoneer India,3.9,122
v4c.ai,4.6,122
Magnum Mi Steel,3.5,122
Paladion Networks,3.7,122
Channel Soft,3.7,122
Shree Malani Foams,3.8,122
DQ Entertainment,3.3,121
S R Enterprises,4.1,122
Government Of Tamilnadu,3.9,121
SIMA Labs,3.8,121
NGRT Systems Private Limited,3.5,122
IMCS Group.,3.2,121
Eximietas Design,4.1,121
Vianaar Homes,3.8,121
Religare Housing Development Finance Corporation,4.2,121
Shore Infotech India,2.8,121
Foodlink F&B Holdings,4.1,121
WonderBotz,3.9,124
United Airlines,3.7,121
Outlier,3.8,121
Mahatma Gandhi Medical College & Hospital,4.0,121
Bounce,3.2,121
Orient Blackswan,4.2,121
SAIL Bokaro Steel Plant,4.0,121
JU Agri Sciences,4.3,121
ADNH Compass,4.3,121
Maxvalue Credits & Investments,3.9,121
The Heritage School,3.7,121
S R Enterprises,4.1,122
Hipad Technology India,4.0,121
NGRT Systems Private Limited,3.5,122
Mac Chem Products,3.0,121
Elysium Pharmaceuticals,3.4,121
Comed Chemicals,3.4,121
SOLITAIRE GROUP,3.6,121
Toyoda Gosei South India,4.1,121
NDS InfoServ,3.4,121
Provab Technosoft,2.9,121
Dr. D.Y.Patil Hospital & Research Centre,3.9,121
Tekshapers Software Solutions,3.3,121
Eidiko Systems Integrators,3.5,121
iQGateway,4.4,121
Ptc Industries,3.5,121
JBF Industries,3.7,121
Synergy Systems & Solutions,3.9,121
MyCar,4.0,121
Quarks Technosoft,3.4,121
AJ Hospital and Research Centre,3.6,121
Kajaria Bathware,4.1,121
KMC HOSPITAL,4.1,121
MENTORS EDUSERV,3.0,121
S10 Healthcare Solutions,3.7,121
United Airlines,3.7,121
Shore Infotech India,2.8,121
iLabz Technology,3.2,121
Amco Batteries,4.4,121
The Heritage School,3.7,121
Maxvalue Credits & Investments,3.9,121
Enerrgia Skyi Developers,4.3,121
Dhanuka Laboratories,3.7,121
INTERPLEX,4.3,121
Dewar's Garage,3.1,121
Elysium Pharmaceuticals,3.4,121
Ambit Collective,3.7,121
Hester Biosciences,3.5,121
S10 Healthcare Solutions,3.7,121
Vianaar Homes,3.8,121
Ptc Industries,3.5,121
Eidiko Systems Integrators,3.5,121
iQGateway,4.4,121
Eximietas Design,4.1,121
The Hi-tech Robotic Systemz,3.8,121
RN Valves & Faucets,3.2,121
Crane Process Flow Technologies India,3.5,121
Doehler,3.6,121
Arvog,4.7,121
Basavatarakam Indo American Cancer Hospital Research Institute,4.3,121
Seneca Global IT Services,4.1,121
TSS Consultancy,3.4,121
Tex Corp.,3.7,121
Mindrill Systems Solutions,3.6,120
Bharatiya Vidya Bhavan,4.0,121
Spl Infrastructure,4.0,121
Oremus Corporate Services,3.7,121
Omni Hospital,3.7,121
CreditVidya,3.7,121
Labvantage Solutions,3.7,121
Decision Minds,3.6,121
Ethos,3.0,121
Civet Projects,4.2,121
Garrett - Advancing Motion,3.2,121
Bankedge,3.9,120
NU Hospitals,3.9,120
ElringKlinger AG,3.7,120
Auriga Research,2.8,121
Menzies Aviation Bobba,3.9,120
Central Bureau of Investigation,3.8,120
Government of Kerala,3.9,120
TSR Darashaw,3.3,120
Chemtrols Industries,3.4,120
Ufi Filters,3.9,121
Freshers Universe,4.2,120
Petronet LNG,4.5,120
AachiGroup,3.9,120
Information Evolution,3.5,120
DH Healthcare Software Services India Private Limited (Dedalus),3.4,120
Vector India,4.1,120
TTK Services,3.5,120
Babaji Shivram Clearing & Carriers,2.7,120
LS Cable,4.5,120
AVON TUBETECH,3.4,120
Marc Laboratories,3.2,120
Tricon Infotech,3.6,120
Constantia Flexibles,4.0,120
BrandMuscle,3.5,120
Affordable Robotic and Automation,2.8,120
Navi Finserv,3.4,120
Falabella,3.1,120
Tvs Training And Services,3.6,120
Sonepar,4.1,120
Bellfast Management,4.2,120
Gandour India Food Processing,4.2,120
Rolex Rings,3.6,120
Manipal Global Education Services,3.6,120
Viaante Business Solutions,3.0,120
Idfy,3.3,120
Numero Uno Clothing,4.1,120
Polmon Instruments,3.5,120
Rotary Engineering,4.1,120
NEXA Service,4.2,120
Sfj Business Solutions,2.7,120
Nimap Infotech,3.4,120
NewVision Software & Consultancy,3.5,120
Claritus Management Consulting,4.1,120
Wave Beverages,3.7,120
Dubai Electricity & Water Authority (DEWA),3.4,120
Saboo RKS Motor,4.0,120
Tasmed,3.5,120
EasyBuy Lifestyle,3.8,120
Verificient Technologies,3.1,120
Oorja Technical Services,3.6,120
Foodhub,3.7,120
Integral University,3.6,120
S.R. Batliboi & Associates,2.9,120
GREEN POWER INTERNATIONAL,4.3,120
Nice Software Solutions,2.8,120
Texport Syndicate India,3.7,120
Helm360,3.7,120
Everest Blowers & Vacuum Pumps,3.4,120
Hi-Tech Arai,3.7,120
Kilitch Healthcare India,4.6,120
Futuretech Factory One,4.5,120
Internship Studio,4.1,120
M G Contractors,4.5,120
Amrita Vidyalayam,3.6,120
Creative Info-link,2.6,119
Adnet Global,3.0,119
Chumbak Design,3.4,119
Fortune Business Insights,3.4,119
ATS Services,3.8,119
Anna University,4.0,119
AFour Technologies,3.6,119
Rich Products & Solutions,3.6,119
DAS Offshore Engineering,3.8,119
MOVIN,3.8,119
Vital Laboratories,3.3,119
Sjr Prime Corporation,4.0,119
NGL Fine Chem,3.9,119
HirePro Consulting,3.5,119
ADS Spirits,4.5,119
Jaya Shree Textiles,3.8,119
Reliable Spaces,2.7,119
inTarvo Technologies,4.4,119
KTM,3.8,119
Finolex Plasson Industries,4.1,119
TEXILA AMERICAN UNIVERSITY,4.1,119
Syncom Formulations India,3.2,119
Impulse,3.6,119
Turner International,4.0,119
ProProfs,4.0,119
Scott Edil Pharmacia,3.5,119
BML Munjal University,4.0,119
Wipfli,3.7,119
INDI IT SOLUTIONS,4.5,119
Gadre Marine Export,3.6,119
FR8,4.0,119
Indiana Gratings,3.5,119
Zeomega Infotech,3.6,119
Refex Industries,3.6,119
TYPSA,3.3,119
Saraswati Vidya Mandir,3.9,119
Tega McNally Minerals,3.0,119
JS Auto Cast Foundry,3.8,123
Hailstone Innovations,4.0,119
Sicagen,3.8,119
PressureJet Systems Pvt. Ltd.,3.7,119
Govt of Karnataka,3.7,119
Paranjape Autocast,3.5,119
Rds Project,3.4,119
Sri Sai Power and Equipments,3.7,119
Hombale Constructions and Estates,4.5,119
KG Invicta Services,3.0,124
Apollo Global Management,3.1,119
Mahathi Infra Services,3.9,119
Rivulis Irrigation,3.9,119
REVA University,4.0,119
Badafinance S&P Services,4.2,119
NCL Veka,4.1,119
Sun Life Global Solutions,4.0,119
Ksk Energy Ventures,4.5,119
ProcDNA,4.1,120
Platinum One,3.7,119
College Of Education,4.5,119
Ujaas Energy,3.4,118
ACS Group,3.4,118
TDS Group,4.0,118
Alchemist Hospital,4.2,118
EMDAD LLC,4.2,118
Brahmaputra Cracker and Polymer,4.4,118
BITS Pilani,3.8,118
Customer Analytics,4.1,118
Sandip University,3.4,118
Veena world,3.7,118
HuntingCube Recruitment Solution,3.9,118
YouGov,3.7,119
Zeus Learning,2.8,118
ICG Medical,2.4,118
Mani Group,3.5,118
Auxein Medical,3.3,118
Kyocera Document Solutions India,3.4,118
Suhail Bahwan Automobiles,4.3,118
BAPS Shastriji Maharaj Hospital,4.4,118
Chinmaya Vidyalaya,4.1,118
Ministry of Rural Development India,3.8,118
Emblix Solutions,4.5,118
Caterpillar Signs,3.2,118
Wockhardt Biotech Park,3.9,118
Centuary Fibre Plates,4.2,118
HWASHIN Automotive,3.6,118
JBM Neel Metal,3.9,118
Vectone Mobile,1.8,118
Gandhar Oil Refinery India,3.3,118
Medicamen Biotech,3.2,118
Bilt,4.2,118
The Web Plant,3.0,118
Getronics,4.1,118
ACPL Systems,3.4,118
La opala rg,3.6,118
PSRI Hospital,3.9,118
Twin Health,3.0,118
Mawai Infotech,3.2,118
Acme Industries,4.0,118
Br.CAT International,3.8,118
Railrestro.com,4.4,118
Municipal Corporation of Greater Mumbai,3.6,118
iB Hubs,4.1,118
Government of Madhya Pradesh,3.8,118
Pharmalex,3.2,118
Powermax Fitness India,4.8,119
Biomatrix Healthcare,3.7,118
R M Chemicals,3.5,118
U K Paints,3.0,118
Ador Powertron,3.7,118
Mahabal Group of Industries,3.7,118
Jse Engineering Private Limited,3.7,118
Covenant Consultants,4.2,118
My Engineering Buddy,4.7,118
Entra Solutions,3.4,118
Seth Anandram Jaipuria School,3.7,118
POWERCON Ventures India,3.6,118
Gemba Concepts,3.1,118
ERD Technologies,3.8,118
BACS HITECH ENGINEERING,3.1,121
Adyar Ananda Bhavan Sweets,3.9,119
ABB GISL,4.1,118
Sids Farm,3.3,118
Detroit Engineered Products,3.1,118
Guardian Healthcare Services,3.9,118
Trimed Solutions India,3.6,117
Telecomone Teleservices,4.0,117
MSN,3.7,117
Harsha Toyota,4.0,117
HiveMinds Innovative Market Solutions,2.9,117
Namaste Credit,3.1,117
Tupperware,3.6,117
TAM Media Research,3.8,117
KLC CONSTRUCTION,3.8,117
Teaching at home,4.4,117
Advance Decorative Laminates Private Limited,4.3,117
Shiv Nadar University,4.1,117
GoApptiv,4.1,117
Applied Cloud Computing,2.5,117
HIREXA SOLUTIONS,3.9,117
NirogStreet,3.1,117
Applied Cloud Computing,2.5,117
R K Construction,4.0,117
Shiv Nadar University,4.1,117
Smpp,3.7,117
BHARAT TECHNO PLAST,3.8,117
SDG Software,3.8,117
Masters Management Consultants,4.0,117
Nissan Digital,3.5,117
Synthimed Labs,3.8,117
Meritshot,4.6,117
GGK Technologies,3.8,117
Harsha Toyota,4.0,117
Accuster Technologies,2.1,117
BEKEM Infra Projects,3.7,117
RouteMobile,3.5,117
BeeperMD,3.8,117
South India Krishna Oil & Fat,4.2,117
Kcm Appliances,3.6,117
uCertify,3.8,117
Xtelify,3.3,118
Advance Decorative Laminates Private Limited,4.3,117
MSN,3.7,117
SPS Hospitals,3.9,117
HiveMinds Innovative Market Solutions,2.9,117
Tecosim Engineering Services,3.3,117
Namaste Credit,3.1,117
KLC CONSTRUCTION,3.8,117
Tupperware,3.6,117
Teaching at home,4.4,117
TAM Media Research,3.8,117
GoApptiv,4.1,117
Vistaprint,3.6,118
Pena4 Tech Solutions,4.0,117
Creative Projects & Contracts,4.0,117
Nagravision,3.6,117
Renishaw Metrology Systems Limited,3.9,117
National Public School,3.5,117
Kiaasa Retail Limited,4.6,118
MAHLE Holding (India),3.9,117
Synthimed Labs,3.8,117
Kiaasa Retail Limited,4.6,118
Pharmaffiliates Analytics Synthetics,3.8,117
Steelcase Asia Pacific Holdings India,3.5,117
Patanjali Parivahan,3.7,117
BeBran Digital,4.4,117
Oxigen Services,4.2,116
First Quantum Minerals,4.2,116
HP Global e-Business Operations,4.3,116
SEPC Limited,4.3,116
Citi Style,4.1,116
Alstone Manufacturing,4.2,116
SunSource Energy,4.3,116
Tolaram Group,4.1,116
Han River Technology,3.4,116
Arki Techno Consultants,3.0,116
Revv,3.9,116
Wildnet Technologies,4.6,116
Rajasthan Antibiotics,3.5,116
Success Pact Consulting,3.9,116
Biyani Technologies,4.0,116
TRUGlobal,3.7,116
Government Polytechnic College,4.1,116
Qseap Infotech,3.7,116
TM International Logistics,3.6,116
Aditya Birla Renewables,3.7,116
Waah Jobs,4.2,116
Shreeja Mahila Milk Producer Company,4.3,116
RD Public School,4.1,116
Anand Mando E-Mobility,3.9,116
Acme Services,4.3,117
Sureworks Infotech Pvt. Ltd.,4.2,116
Seeh Al Sarya Engineering,3.7,116
Forever 21,3.7,116
Alstone Manufacturing,4.2,116
TekFriday Processing Solutions,3.4,116
AEREN IT Solutions,2.8,116
Jamkash Vehicleades,3.3,116
ALOIS Solutions,3.5,117
Finicity,3.5,116
Waah Jobs,4.2,116
RD Public School,4.1,116
Shreeja Mahila Milk Producer Company,4.3,116
Epicu Agro Products,3.2,116
Morarjee Textiles,4.1,116
Vsun Mobile,3.7,116
Seeh Al Sarya Engineering,3.7,116
Securitrans India,4.0,116
Radiant Polymers,4.1,116
Sher-I-Kashmir Institute of Medical Sciences,4.2,116
Viswaat Chemicals,4.0,116
Mobikasa,3.9,116
TekFriday Processing Solutions,3.4,116
Success Pact Consulting,3.9,116
ALOIS Solutions,3.5,117
Jamkash Vehicleades,3.3,116
AEREN IT Solutions,2.8,116
MPOnline,3.2,116
Biyani Technologies,4.0,116
Ramkrishna Care Hospital,3.7,116
Finicity,3.5,116
The Digital Group Infotech,3.4,116
MAHLE Engineering,3.9,117
Planedge Consultants,3.4,116
Nims Hospital,3.7,116
Vasu Chemicals,3.8,116
NexWave Talent Management Solutions,3.3,116
Tecno Mobile,3.7,116
Felix Hospital,3.3,116
Ars Steels,3.8,116
Haridwar University,4.6,115
Astro Arun Pandit,4.1,115
Saija Finance,4.5,115
Privi Life Sciences,3.6,115
Coastal Projects,3.9,115
AGC Networks,3.1,115
Hotel Sahara Star,3.9,116
Shree Shubham Logistics,4.4,115
Wizertech Informatics,4.3,115
Vibrant Infocom,2.7,115
Zupee,3.5,117
Accurate Background,3.8,120
Acsia Technologies,3.0,115
Small Industries Development Bank of India,3.9,115
Travclan Technology India,3.6,115
Dream India Schools,3.6,115
Matrix Clothing,4.1,115
Glance,3.3,115
Ghodawat Consumer Products,3.4,115
Woxsen University,3.2,115
Abhyudaya Co-operative Bank,3.9,115
Lincoln Electric,3.9,115
HERO ECOTECH,3.5,115
Saarloha Advanced Materials,3.3,115
Panchayati Raj,3.5,115
Bhagyalaxmi Rolling mill,3.7,115
Madhu Silica,3.8,115
Shiv Enterprises,3.8,115
Pace IIT & Medical,3.2,115
Shiv Enterprises,3.8,115
Simeio Solutions,3.7,115
Matrix Clothing,4.1,115
SAAB ENGINEERING,4.3,115
Dream India Schools,3.6,115
Nirmiti Precision,3.5,115
Quadlabs Technologies,3.2,115
Ghodawat Consumer Products,3.4,115
Woxsen University,3.2,115
91 Springboard Business Hub,3.8,115
IMA-PG,3.8,115
Shri Bhagwati Machines Pvt. Ltd.,3.7,115
Techversant Infotech,3.5,115
Pipeline Infrastructure,4.2,115
Rotomaker,3.6,115
Acsia Technologies,3.0,115
Khosla Profil Private Limited,3.4,115
Diversey India Hygiene,3.9,115
Lincoln Electric,3.9,115
Abhyudaya Co-operative Bank,3.9,115
IMA-PG,3.8,115
91 Springboard Business Hub,3.8,115
Shri Bhagwati Machines Pvt. Ltd.,3.7,115
Techversant Infotech,3.5,115
Rotomaker,3.6,115
Diversey India Hygiene,3.9,115
Khosla Profil Private Limited,3.4,115
Hitachi Rail STS,3.9,115
SmartConnect Technologies,2.9,115
SCOPE T&M,3.5,115
BNB Groupe,3.3,122
Earlyjobs,4.8,115
Simeio Solutions,3.7,115
Learnbay,3.8,115
Hidoc Dr,4.8,115
Palsons Derma,3.2,115
APPL Industries,3.5,115
SONATRACH,3.5,115
Nation with NaMo,2.6,115
ams OSRAM,3.2,115
PaywithRING,4.3,115
Orient Fashions,3.8,115
Sarens Heavy Lift India,3.8,115
M.P. State Electronics Development Corporation,3.6,115
Learnbay,3.8,115
Hidoc Dr,4.8,115
Palsons Derma,3.2,115
Minda Silca Engineering,4.0,115
Mavrix,3.4,114
Hamad Medical Corporation,4.1,114
Joannou & Paraskevaides,4.2,114
Gram Tarang Employability Training Services,3.7,114
Pride Technologies,3.2,114
Mumbai Metro One,4.0,114
Exl Technosolutions,3.8,114
Edukyu,3.9,114
24seven,4.4,114
Nirmaan Organization,3.6,114
Medsource Ozone Biomedicals,3.5,114
TEJRAJ PROMOTERS & BUILDERS,4.4,114
Hindustan Copper,4.0,114
MSP Group,3.8,114
Velan Info Services,3.5,114
Pebs Pennar,3.3,114
GALAXY OFFICE AUTOMATION,4.1,114
Mitratech,3.7,114
SugarFit,3.3,114
AMR INDIA,4.2,114
Advanz Pharma,4.0,114
Projects & Development India,4.0,114
Trend Technologies,4.0,114
Windals Precision,3.4,114
Shree Maruti Integrated Logistics,3.5,114
Xoxoday,3.2,114
IMARC Group,3.4,114
Citizens Specialty Hospital,4.2,114
NatureNurture,4.3,114
Cethar,3.2,114
Derewala Jewellery Industries,3.4,114
Kun Hyundai,3.9,114
GALAXY OFFICE AUTOMATION,4.1,114
TEJRAJ PROMOTERS & BUILDERS,4.4,114
Xoxoday,3.2,114
MSP Group,3.8,114
Ingram Micro India Ssc,3.7,114
Medsource Ozone Biomedicals,3.5,114
Mitratech,3.7,114
Hindustan Copper,4.0,114
Truminds Software Systems,3.6,114
Analog Devices,3.9,114
Srmb Steel,3.6,114
Coldex Logistics,3.2,114
AMR INDIA,4.2,114
Advanz Pharma,4.0,114
Joannou & Paraskevaides,4.2,114
Mavrix,3.4,114
Citizens Specialty Hospital,4.2,114
Gram Tarang Employability Training Services,3.7,114
Cethar,3.2,114
Mumbai Metro One,4.0,114
Mawana Sugars,3.6,114
CoreEL Technologies,3.9,114
Adaequare,3.4,114
Arya Iron & Steel Co.,4.2,114
Lyka Labs,3.7,114
Bioplus Life Sciences,3.7,114
Union Mutual Fund,3.4,114
Lexmark International,3.9,114
Vaibhav Plasto Printing & Packaging,4.1,114
Parekh Group,3.7,114
TechRBM,4.7,114
Ministry Of Education,3.4,114
Voltamp Transformers,4.0,114
Skanray Technologies,2.6,114
Coldex Logistics,3.2,114
Gateway Distriparks,3.5,116
Ingram Micro India Ssc,3.7,114
Truminds Software Systems,3.6,114
Srmb Steel,3.6,114
Analog Devices,3.9,114
GlowTouch,2.9,114
Colorshine Coated,3.9,114
Bird Group,2.9,114
Ebullient Securities,3.2,114
Rij Engineering,4.2,114
Oswal Woollen Mills,4.0,114
Digitas,3.4,114
Amogha Polymers,3.7,114
Digiglobe Solutions,4.8,114
Net Business Solutions,3.7,114
Infotree Global Solutions,3.4,115
Sciative Solutions,4.1,114
IL&FS Skills Development Corporation,4.1,113
Vishal Enterprises,4.2,113
Shrim Bhanu Construction,3.7,113
Azkka Pharmaceuticals,4.6,113
Aagna Global Solutions,3.4,113
IND-SPHINX PRECISION,4.2,114
HumanHire Corp.,4.6,113
U&D Square Solutions,3.7,113
Associative,4.9,113
Vijay Raja Homes,4.1,113
Featherlite,3.3,113
BARSYL,3.9,113
First Data,4.2,113
Gini & Jony,3.1,113
Drip Capital,3.3,113
CTA Apparels,3.8,113
Shriji Polymers,3.9,113
Geekyants Software,3.3,114
Sentini,3.3,113
Vasu Healthcare,4.2,113
Chetana Publications,3.0,113
Vahdam Teas,4.0,113
Highly Electrical Appliances India,3.6,113
Bryka Electrosystems & Software,3.2,113
Lansum Properties,4.0,113
Quale Infotech,4.4,113
Galaxy Toyota,3.6,113
ADA Tech Solutions Private Limited,3.7,113
Rathi Transpower,3.8,113
Parsvnath Developers,2.7,113
Archies,3.2,113
DELLA LEADERS CLUB,4.6,113
NDTV Network,3.4,113
TaeguTec,4.1,113
Hard Rock Cafe,4.3,113
Umano Healthcare,4.5,113
Shabari Telecable Network,3.2,113
Sandberg Translation Partners,3.6,113
Tiwana Oil Mills,3.5,113
Nkgsb CO-OP Bank,4.2,113
Avians Innovations Technology,3.7,113
2050 Healthcare,3.1,113
Kamal Ced Solution,4.2,113
Statcon Energiaa,4.1,113
Jaycee Punching Solution,4.2,113
Vardhman Acrylics,3.6,113
TopSource,3.7,113
Myoung Shin India Automotive,3.5,113
AddWeb Solution,4.4,113
T.R. Sawhney Motors,3.9,113
Kich Architectural Products,3.7,113
The Good Glamm Group,3.2,113
JK Organisation,3.9,113
ekincare,3.1,113
Beetel Teletech,3.8,113
Spack Automotives,3.3,113
Noida International University,3.1,114
City Corporation Ltd (Amanora),3.9,113
NASSCOM,3.6,113
IT Convergence,3.2,113
DiTech Process Solutions,3.4,113
Avantel,3.8,113
Loylty Rewardz Mngt,3.7,113
Kaplan,4.1,113
Stonemen Crafts,3.9,113
Faze Three,3.3,113
Breach Candy Hospital Trust,4.4,113
IBCC Industries,4.0,113
Dana Group,3.8,113
Pixis,3.7,113
Stratogent Technology Services,3.1,113
Aquera,4.5,113
Rocket Software,4.2,119
Lohia Auto Industries,4.0,113
The Walt Disney Company,4.3,113
Veremax Technologie Services,3.5,112
Electrical Manufacturing Company,4.4,112
Saudi Arabian Airlines,3.9,112
Harita Fehrer,4.3,112
Meru Accounting,3.6,112
HGS TECHNOLOGIES,4.2,112
Intercraft Trading,4.4,112
Mojj Engineering Systems,3.7,112
Finnew Solutions,4.2,112
Versa Drives,4.2,112
Oswal Industries,3.7,112
BramhaCorp,3.6,112
Oswal Infrastructure,3.6,112
Classic Legends,2.9,112
Jagannath Gupta Institute of Medical Sciences & Hospital,3.4,112
Choksi Laboratories,2.7,112
Udaan Express,4.3,112
Amalgamations Valeo Clutch,3.4,112
CISB,3.6,112
MS Education Academy,3.7,112
Consort Builders,4.4,112
Bharat Intern,3.9,112
Maharashtra Feeds,3.2,112
Jeeva Organic,3.6,112
FitterFly,3.4,112
Nalanda Learning Systems,2.2,112
Agilisium,3.2,112
BMD Private Limited,3.7,112
Bangalore Baptist Hospital,4.4,112
GoldenSource,3.3,112
Concept Pharmaceuticals,3.1,112
Driver Logistics,4.1,112
GlobalHunt,3.1,112
MSL Group,3.4,112
DNV GL,3.9,112
Jamia Millia Islamia,4.5,112
Chanakya IAS Academy,2.9,112
Unimark Remedies,3.4,112
Ingenuity Gaming,3.2,112
C3I Solutions,3.2,112
Saurashtra Chemicals,4.1,112
Outline Systems,3.6,113
XL Laboratories,3.7,112
Poddar Tyres,3.7,112
SIPL,3.8,112
Netxcell,3.3,112
ATS Group,4.0,112
AVASO Technology Solutions,3.5,112
Knowcraft Analytics,2.8,112
Y Equipment Services Pvt Ltd,3.9,112
Seven Seas Hotel,2.9,112
Paradigm IT,3.5,112
LA Technologies,4.0,112
QASolvers,3.9,112
Stridely Solutions,3.2,112
VRP Telematics,3.1,112
Ramani Ice Cream Co.,3.9,112
Veena Developers,3.9,112
India Kawasaki Motors Pvt. Ltd.,3.7,112
East West Seeds,4.4,112
Glass Wall Systems,4.1,112
JSS Medical Research,2.9,113
Funfirst Global Skillers,4.3,112
GOURMET INVESTMENTS,3.9,112
DY Patil University,3.4,113
Baidyanath Minerals,3.7,112
TRACKS AND TOWERS INFRATECH,3.9,112
Advance Power Display Systems,4.4,112
Gimatex Industries,3.3,112
Mobily Infotech,3.4,112
Quality Needles,3.6,112
Armed Forces Tribunal,4.9,112
Sunrise Biztech Systems,3.5,112
Knowcraft Analytics,2.8,112
Seven Seas Hotel,2.9,112
Udaan Express,4.3,112
Jagannath Gupta Institute of Medical Sciences & Hospital,3.4,112
Classic Legends,2.9,112
LA Technologies,4.0,112
Paradigm IT,3.5,112
VRP Telematics,3.1,112
Maharashtra Feeds,3.2,112
Kama Jewelry,4.2,112
Concept Pharmaceuticals,3.1,112
SAP Ariba,3.8,112
Prodocs Solutions,3.5,112
Hatch Associates India,3.9,112
Driver Logistics,4.1,112
Hirotec,3.9,112
ANS Commerce,3.5,112
Credit Information Bureau,3.6,112
Soffit Infrastructure Services,3.7,112
TROPICAL AGROSYSTEM (I),4.3,111
FINE COMPONENTS AND TOOLS,3.5,111
Encore Healthcare,3.5,111
Nureca Limited,4.1,111
Information Dynamics,3.5,111
Rishita Developers,4.1,111
Velocity Software Solutions,3.9,111
Aamby Valley City,3.8,111
21K School,3.5,111
bluCognition,3.4,111
EGDK,3.7,111
Input Zero Technologies,3.7,111
Prose Technologies,4.1,116
India Ratings & Research,3.6,111
Le Marche,3.2,111
Nijji Healthcare,4.3,111
Grohe,4.1,111
Avant Garde Industries,4.7,111
Scorg International,3.5,111
Oriental Rubber Industries,3.2,111
Glowlogics Solutions,4.3,111
Jio Haptik,3.6,111
Nova Techset,3.2,111
TableSpace Technologies,3.1,111
HH Global,4.0,111
Essel Infraprojects,4.0,111
City Hospital,4.0,111
Voltas Beko Home Appliances,3.7,113
Affinity Global Advertising,3.0,111
TELUS Health,3.8,111
Dynata,3.9,111
SuperProcure,4.8,111
CNK & Associates,3.5,111
PhillipCapital,3.4,111
Migsun Group,3.0,111
Vymo Technologies,2.3,111
ERGOS,3.2,111
Max Data Entry Services,4.0,111
Honeywell Aerospace,3.6,111
Golcha Associated Group,4.1,111
Huber Suhner Electronics,3.9,111
Oriental Rubber Industries,3.2,111
Rishita Developers,4.1,111
Glowlogics Solutions,4.3,111
Gurit India,4.1,111
Prose Technologies,4.1,116
Feat Systems,3.3,111
Yellow Banana Food Company,3.2,111
Bop Realty,4.7,111
India Ratings & Research,3.6,111
Mobicule Technologies,3.1,111
TableSpace Technologies,3.1,111
Globsyn Business School,4.4,111
RETAIL HUB SOLUTIONS,4.2,111
Zenith Industrial Rubber Products,3.5,111
Cube Construction Engineering,2.9,111
S.K.B. Builders,4.1,111
FINE COMPONENTS AND TOOLS,3.5,111
Tata Communications Payment Solutions,3.5,111
Walmart Labs,3.4,111
Nureca Limited,4.1,111
Encore Healthcare,3.5,111
Sankei Giken,3.9,111
Sterling E-Mobility Solutions,3.4,111
Presto Stantest,4.0,111
Dexian DISYS,3.3,111
Senrysa Technologies,4.7,111
Information Dynamics,3.5,111
City Hospital,4.0,111
Techjays,4.3,111
Velocity Software Solutions,3.9,111
Le Marche,3.2,111
21K School,3.5,111
Aamby Valley City,3.8,111
bluCognition,3.4,111
Voltas Beko Home Appliances,3.7,113
Affinity Global Advertising,3.0,111
Honeywell Aerospace,3.6,111
Huber Suhner Electronics,3.9,111
Golcha Associated Group,4.1,111
Klizo Solutions,4.5,111
Paradigm Realty,3.7,111
Lighthouse Learning,3.5,118
VITAE International Accounting Services,3.6,111
Relevel,2.9,111
Mahindra Powerol,3.8,111
Vasant Chemicals,4.1,111
Gvr Technolabs,3.7,111
IG Defence,4.5,111
PNG Jewellers,4.4,111
SHREE AMBA INDUSTRIES,3.9,111
SRM Techsol,4.3,111
Atulaya Healthcare,3.7,111
L&T SuFin,3.4,111
Maven Wave Partners,4.0,110
Jocata Financial Advisory and Technology,3.2,110
J&K Bank,3.9,110
Sembcorp Marine,4.4,110
Tanisha Systems,2.8,110
Rungta Sons,3.9,110
CoinSwitch,2.9,110
Tanisha Systems,2.8,110
BPL,4.1,110
Indian Red Cross Society,3.9,110
Varian Medical Systems,3.7,110
RSP Design Consultants,3.9,110
Vinsys IT Services India Limited,3.3,111
Sage IT,3.7,110
Associated Power Structures,4.3,110
Pickyourtrail,3.4,110
Indogulf CropSciences,3.3,110
Lakshmi Hyundai,3.5,110
PVR PROJECTS,3.6,110
Mangalore Refinery and Petrochemicals,4.3,110
Optimus Pharma,3.9,110
Transworld Group of Companies,3.6,110
22Nd Century Technologies,4.9,110
anovIP,3.3,110
Lark Laboratories (I),2.9,110
Axis Risk Consulting Services,3.7,111
Sobha Projects and Trade,4.2,110
Aashman Foundation,3.7,110
New Horizon College of Engineering,3.6,110
Rkec Project,3.9,110
iB Arts,3.6,110
Rungta Sons,3.9,110
G Plast,3.4,110
CoinSwitch,2.9,110
Farbe Firma Private Limited,3.5,110
Winsome Textile Industries,3.6,110
CDYMAX,3.5,121
Unique Enterprises,3.3,110
The AEC Associates,4.4,110
Prominance uPVC Windows & Doors,3.5,110
Tatsuno India,3.2,110
Guru Amardass International,3.5,110
Hemmersbach,3.2,110
Tag Corporation,3.4,110
NextGen Invent,3.5,110
Phoenix Mecano,3.9,110
Marwadi University,3.6,110
Clarks Inn Group of Hotels,3.5,110
Indian Red Cross Society,3.9,110
Imdaad,4.6,110
Autocal Solutions,3.9,110
Kanchan Metals,4.1,110
RSP Design Consultants,3.9,110
Varian Medical Systems,3.7,110
G Plast,3.4,110
BPL,4.1,110
Pickyourtrail,3.4,110
Associated Power Structures,4.3,110
Vinsys IT Services India Limited,3.3,111
PVR PROJECTS,3.6,110
Transworld Group of Companies,3.6,110
Lakshmi Hyundai,3.5,110
Sage IT,3.7,110
anovIP,3.3,110
Marwadi University,3.6,110
NextGen Invent,3.5,110
N R Agarwal Industries,3.6,110
Phoenix Mecano,3.9,110
The AEC Associates,4.4,110
Nipro Medical,4.1,110
SAGE Automation,4.1,110
ITDOSE INFOSYSTEMS,3.2,110
Plr Projects,4.2,110
Husky Injection Molding Systems,4.4,110
BBD University,3.6,110
Agile Capital Services,2.4,109
Synoptics Technologies,3.5,109
Shemford Futuristic School,3.8,109
Logelite,4.2,109
Nava Bharath Fertilizers,3.6,109
Xiaomi Service Center,4.4,109
Autocop India,3.6,109
Falcon Force,4.1,109
Patel Motors,4.2,109
Gmoney Pvt. Ltd.,3.5,109
Sietz Technologies,4.1,109
Volvo Buses,3.6,109
Druva,3.7,109
Numbertree LLP,3.3,109
Nirvana Solutions,2.9,109
Rtech Group,3.7,109
Asmoh Laboratories,3.8,109
Sustainable Agro-commercial Finance,4.2,109
Microgen Hygiene,3.5,109
Autocop India,3.6,109
Jawaharlal Nehru University,3.6,109
Indication Instruments,3.9,109
T D S MANAGEMENT CONSULTANT,3.8,109
Mercer Mettl,3.5,109
ZaranTech,4.0,115
Supertron Electronics,4.4,109
Indorama Ventures Global Shared Services,3.2,109
Das Writing Services,3.7,109
MindTickle,2.5,109
Blue Dart Aviation,3.6,109
DentalKart,3.2,110
Pro-Vigil,3.2,109
Engineering Projects,3.7,109
Integer Telecom Services,3.2,109
Kalpa Electrikal,3.8,109
Mohan Impex,4.1,109
Diagno Labs,4.2,109
ASC Infratech,4.1,109
Indus Health Plus,3.4,109
Panasonic Energy India Co,4.0,109
Valued Epistemics,2.6,109
Lindstrom Services,4.0,109
Vertoz,3.1,109
Xiaomi Service Center,4.4,109
Agile Capital Services,2.4,109
Synoptics Technologies,3.5,109
Shemford Futuristic School,3.8,109
Cinntra Info Tech Solutions,3.5,109
Arora Iron & Steel Rolling Mills,3.8,109
Falcon Force,4.1,109
Seagate,3.3,109
Ecocat India,4.0,109
Kanakia Spaces,3.7,109
Bal Bharati Public School,4.2,109
CredFlow,2.8,109
Eduquity Career Technologies,3.4,110
Tulip Infratech,3.7,109
The New Indian Express,4.0,109
DTCC,3.9,109
Nirvana Solutions,2.9,109
Numbertree LLP,3.3,109
Druva,3.7,109
Panasonic Energy India Co,4.0,109
Valued Epistemics,2.6,109
Pro-Vigil,3.2,109
Engineering Projects,3.7,109
Integer Telecom Services,3.2,109
Lindstrom Services,4.0,109
Kalpa Electrikal,3.8,109
Fi,3.5,109
Saleswallah,4.8,109
Maharani Innovative Paints,3.7,109
Tricolite Electrical Industries,4.2,109
R K D Construction,4.1,109
Swami Vivekanand Subharti University,3.7,109
Assurance Intl Limited,3.1,109
Eris Therapeutics,3.7,109
Korcomptenz Consultancy,4.3,109
Stemz Healthcare,3.5,109
Sudisa Foundry,3.5,109
Reliance Composites,3.5,109
Matangi Industries,3.3,109
Accu Pack Engineering,3.3,109
"Denso Haryana Private Limited, Plant 1",3.9,108
PACL India,3.1,108
Freedom English Academy,4.0,108
Srei Infrastructure Finance,4.2,108
Biltech Building Elements,3.5,108
National Sample Survey Office (nsso),3.3,108
Swarna Pragati Housing Microfinance,4.1,108
ABC Bearings,3.9,108
Chopra Industries,3.6,108
Centre for Good Governance,2.9,108
Hindusthan Microfinance,3.8,108
Accentuate IT Solutions,4.1,108
Smart Software Services(I),4.8,108
Rippling,2.7,111
Sigma-Byte Computers,4.1,108
TruckX Technologies,4.2,108
Mondee,3.5,108
Primeone Workforce,3.9,108
L&T Metro Rail,4.1,108
TFG Vacations,4.4,108
Teqfocus Consulting,3.9,108
Princeware,3.2,108
Skylark Labs,4.4,108
InSemi Technology Services,3.8,108
Progression Infonet,4.1,108
Melento,3.6,108
Ledure Lighting,3.9,108
DeliverHealth Solutions,3.5,108
K & J Project,3.0,108
Uolo EdTech,2.8,108
Tata Docomo,4.4,108
Country Club Hospitality & Holidays,4.0,108
SOGEFI ENGINE SYSTEMS INDIA,3.8,108
Oman Pharmaceutical Products,2.6,108
Sharda Cropchem,3.8,108
INDMoney,3.1,108
We Win,3.2,111
SNS Group,3.5,108
Avekshaa Technologies,4.1,108
"East Wind Footwear Company Ltd.,",4.1,108
Kuwait Integrated Petroleum Industries,3.9,108
Sree Behariji Mills,3.2,108
SGD PHARMA,3.5,108
Eskag Sanjeevani,3.3,108
Navin Fluorine Advanced Sciences,3.6,108
Damac Properties,2.5,108
Pooja Forge,3.5,109
Kalinga University,3.1,108
Avacend Solutions,3.7,108
Deepak Fasteners,3.8,108
Tristha Global,4.2,108
Mastech Digital,3.7,108
Schenck Process India,3.3,108
InSemi Technology Services,3.8,108
TFG Vacations,4.4,108
Freedom English Academy,4.0,108
Srei Infrastructure Finance,4.2,108
Biltech Building Elements,3.5,108
National Sample Survey Office (nsso),3.3,108
SOGEFI ENGINE SYSTEMS INDIA,3.8,108
Mindseed,4.2,108
RATNATRIS PHARMACEUTICALS PRIVATE LIMITED,3.9,108
Sharda Cropchem,3.8,108
Oman Pharmaceutical Products,2.6,108
Obbserv Online Services,4.5,108
"East Wind Footwear Company Ltd.,",4.1,108
Avekshaa Technologies,4.1,108
Damac Properties,2.5,108
SNS Group,3.5,108
